ID,NOMBRE,TELEFONO,CORREO,FECHA_INGRESO,EDAD,SALARIO,ID_EMPRESA
353,Mateo Mendoza,+56 89 7366-3177,mateo.mendozalive.com,2014-11-23,29,55560.0,6
690,Bert Torres,+507 73 8501-1586,bert.torres@terra.cl,2019-10-19,23,13196.0,3
486,Jonah Vera,+593 903-986-474,jonah.vera@uol.com.br,2020-11-27,0,23455.0,6
389,Jonah Rojas,+593 25 6426-6907,jonah.rojas@gmail.com,2016-03-17,65,20797.0,9
32,Carl Martinez,+502 46 1534-4792,carl.martinez@outlook.pe,2012-12-03,63,10764.0,8
443,Cadman Torres,+502 9 8945-4288,cadman.torres@live.com,2005-02-22,22,1501.0,3
199,Cadman Huanca,+52 939-904-918,cadman.huanca@outlook.pe,2022-05-10,41,16694.0,1
426,Felipe Gutierrez,+54 915-563-275,felipe.gutierrez@gmail.com,2014-08-30,55,14045.0,4
108,Gabriela Mendoza,+55 914-368-786,gabriela.mendoza@terra.cl,2021-12-15,51,22442.0,6
715,Priscilla Fernandez,+502 12 3307-8894,priscilla.fernandez@hotmail.com,2002-05-31,45,5534.0,6
553,Carl Lopez,+54 972-676-483,carl.lopez@uol.com.br,2003-02-10,29,7676.0,10
676,Mateo Rojas,+51 48 4185-3869,mateo.rojas@live.com,2008-07-16,24,7560.0,4
159,Antonia Ramirez,+591 92 8474-6584,antonia.ramirez@live.com,2016-04-19,70,"12,500",4
476,  Nicolas Rojas  ,,nicolas.rojas@fibertel.com.ar,2013-07-10,19,9036.0,4
424,CAMILA CAMACHO,+507 904-623-359,,2018-05-20,36,21288.0,9
770,Melyssa Lopez,+51 981-456-948,melyssa.lopez@terra.cl,2000-06-30,22,17662.0,4
618,Andres Vargas,+51 916-347-982,andres.vargas@yahoo.com,2016-06-21,0,10651.0,8
484,Mateo Quispe,+598 994-992-730,mateo.quispe@prodigy.net.mx,2021-03-27,31,7008.0,1
885,Priscilla Salas,+54 11 6690-2611,priscilla.salas@uol.com.br,2004-07-08,20,7455.0,2
651,Rafael Cardenas,+55 960-739-300,rafael.cardenas@prodigy.net.mx,2010-12-26,38,3000.0,6
245,,+56 90 6797-8074,lucia.moreno@gmail.com,2012-03-24,39,10358.0,5
848,Bruno Quispe,+54 94 8500-7073,bruno.quispe@fibertel.com.ar,2019-08-25,28,19884.0,6
983,Gabriela Martinez,+55 23 6058-2092,gabriela.martinez@outlook.pe,2019-01-30,65,10259.0,9
829,Bruno Lopez,+593 60 3900-7515,bruno.lopez@hotmail.com,2020-05-27,24,9620.0,7
571,Melyssa Camacho,+52 75 1384-9021,melyssa.camacho@live.com,,75,52799.0,1
60,Bruno Quispe,+502 13 6517-3147,bruno.quispe@fibertel.com.ar,2016-11-24,27,6816.0,3
291,Alden Torres,+57 89 6196-7656,alden.torres@outlook.com,2001-07-09,35,4124.0,8
71,Emery Salas,+591 952-943-688,emery.salas@outlook.pe,2003-04-23,26,11888.0,2
345,Ana Mendoza,+502 12 4058-4260,ana.mendoza@gmail.com,2003-02-12,42,10800.0,4
185,Rafael Moreno,+502 921-790-136,rafael.moreno@fibertel.com.ar,2029-10-20,33,22963.0,1
142,Diego Huanca,+54 962-978-812,diego.huanca@terra.cl,2004-05-28,73,8969.0,3
391,  Leandra Gutierrez  ,+591 73 1358-3735,leandra.gutierrez@uol.com.br,2012-04-18,62,5724.0,5
492,Thiago Salas,+591 98 8108-6683,thiago.salas@yahoo.com,2012-12-12,31,12712.0,9
827,Melyssa Vera,(+52 33 2578-1063),melyssa.vera@terra.cl,2014-06-07,58,3020.0,6
102,Omar Perez,+598 67 2752-3219,omar.perez@outlook.pe,2013-08-31,18,14466.0,6
750,Alden Carrasco,+54 92 4997-2393,alden.carrasco@fibertel.com.ar,2022-11-22,66,3052.0,0
552,,+55 955-358-611,tanner.rojas@live.com,2004-01-26,29,10036.0,7
307,Daniela Gutierrez,+51 83 4975-4298,daniela.gutierrez@outlook.pe,2013-03-23,54,14336.0,1
987,Daniela Cardenas,+502 980-910-555,daniela.cardenas@terra.cl,15/11/2018,49,11787.0,6
322,Priscilla Lopez,+57 967-424-491,priscilla.lopez@uol.com.br,2011-07-15,23,5256.0,2
800,Priscilla Castro,+502 76 9761-8784,priscilla.castro@terra.cl,2018-11-09,40,9273.0,4
731,Priscilla Vasquez,+56 927-949-215,priscilla.vasquez@hotmail.com,2011-02-19,NA,23165.0,10
678,Cadman Carrasco,+598 903-662-923,cadman.carrasco@prodigy.net.mx,2006-08-09,43,20849.0,6
654,Mateo Huanca,+52 920-339-855,mateo.huanca@live.com,10/01/2002,64,7378.0,4
77,Andres Moreno,+51 991-441-923,andres.moreno@gmail.com,2021-04-01,51,16474.0,3
193,Bruno Gutierrez,+56 936-574-746,bruno.gutierrez@outlook.pe,2006-07-01,73,6991.0,6
87,JULIAN VARGAS,+58 907-672-573,julian.vargas@fibertel.com.ar,2013-10-28,64,2213.0,7
459,  Rafael Huanca  ,+54 50 5333-3929,rafael.huanca@hotmail.com,2019-11-28,47,2065.0,8
704,Jocelyn Lopez,+598 999-975-785,,2020-05-06,42,23050.0,9
919,Hanae Mendoza,507975-327-491,hanae.mendoza@live.com,2000-04-04,62,3032.0,7
65,Priscilla Camacho,+55 984-743-206,priscilla.camacho@hotmail.com,2014-11-30,26,2952.0,6
310,Camila Carrasco,+55 31 9248-1523,camila.carrasco@live.com,2002-11-09,39,15610.0,2
744,Leandra Vasquez,+52 41 6389-4184,leandra.vasquez@uol.com.br,2001-06-27,42,21451.0,4
874,Bruno Fernandez,+52 912-840-955,bruno.fernandez@outlook.com,2010-12-16,46,4202.0,99
399,Laura Camacho,+54 93 7047-5348,laura.camacho@hotmail.com,2003-06-05,68,1571.0,3
617,Melyssa Perez,+52 18 2103-2663,melyssa.perez@gmail.com,2030-08-26,70,7356.0,9
50,Diego Silva,+591 971-675-437,diego.silva@yahoo.com,2005-06-25,44,13086.0,7
200,Alden Salas,+52 13 4263-8550,alden.salas@outlook.pe,2004-03-19,51,23323.0,4
599,Miguel Herrera,+598 96 9033-1447,miguel.herrera@prodigy.net.mx,2017-01-16,20,131215.0,2
970,Antonia Moreno,+57 19 1615-8748,antonia.moreno@live.com,2013-05-06,64,3257.0,3
883,Allen Torres,+54 57 9973-3496,allen.torres@gmail.com,2004-12-14,27,4346.0,6
429,Julian Rojas,+55 83 7771-8320,julian.rojas@yahoo.com,2005-06-27,51,18788.0,4
498,Mariana Morales,58950-798-629,mariana.morales@live.com,2004-10-09,47,4207.0,6
604,Diego Morales,+51 985-372-699,diego.morales@fibertel.com.ar,2000-05-25,37,5991.0,6
11,Felipe Vargas,+54 907-693-853,felipe.vargas@outlook.com,2002-09-25,65,11776.0,1
889,Julian Vasquez,+502 914-525-208,julian.vasquez@gmail.com,2019-02-21,19,19605.0,9
671,Pedro Martinez,+56 904-812-863,pedro.martinez@hotmail.com,2013-03-09,26,18528.0,9
938,Valentina Ramirez,+593 966-796-941,valentina.ramirez@yahoo.com,2021-09-25,75,-1000.0,2
929,Daniela Moreno,+58 964-878-437,daniela.moreno@fibertel.com.ar,2002-02-03,42,"12,500",4
558,  Allen Rojas  ,(+57 49 2195-4335),allen.rojas@outlook.pe,2022-03-20,31,20215.0,10
637,MELYSSA CAMACHO,+54 969-808-661,melyssa.camacho@hotmail.com,2003-01-28,22,6597.0,2
834,Andres Fernandez,+591 977-921-616,andres.fernandez@hotmail.com,2013-07-23,25,14966.0,99
372,Mark Camacho,+57 24 9444-6545,mark.camacho@outlook.pe,2019-06-17,27,22044.0,7
835,Rafael Mendoza,(+58 50 3800-2937),rafael.mendoza@fibertel.com.ar,2001-05-29,28,14557.0,3
583,Trevor Reyes,+598 993-162-853,trevor.reyes@prodigy.net.mx,2008-09-28,51,18019.0,5
334,Aidan Vargas,598983-872-466,aidan.vargas@live.com,2013-12-16,55,19232.0,3
946,Tanner Perez,+52 962-536-538,tanner.perez@terra.cl,2004-08-03,57,10053.0,9
211,Cadman Vargas,+56 995-150-661,cadman.vargas@terra.cl,2017-11-27,34,4287.0,7
113,Hanae Herrera,+52 941-948-353,hanae.herrera@yahoo.com,2017-08-13,49,6158.0,10
458,Gabriela Castro,+598 75 5261-3663,gabriela.castro@uol.com.br,2017-02-07,47,9306.0,3
89,Valentina Sanchez,+52 919-382-293,valentina.sanchez@outlook.com,2005-01-22,20,23133.0,7
880,Sofia Perez,+58 12 2754-2443,sofia.perez@live.com,2014-12-07,33,1724.0,6
351,Diego Reyes,+52 953-128-114,diego.reyes@outlook.com,2015-02-14,70,7796.0,2
219,Trevor Perez,+58 10 5421-7767,trevor.perez@gmail.com,2009-12-25,65,23498.0,4
414,Thiago Rojas,52337884-9947,thiago.rojas@gmail.com,14/06/2007,56,13871.0,4
278,Felipe Gonzalez,+58 984-792-187,felipe.gonzalez@hotmail.com,2005-05-07,27,14437.0,7
960,Aidan Vasquez,58959-457-934,aidan.vasquez@fibertel.com.ar,2022-02-11,36,23178.0,6
926,Daniela Sanchez,+58 953-969-578,daniela.sanchez@terra.cl,2005-11-22,61,14204.0,4
214,Aidan Torres,+502 15 8617-1136,aidan.torres@outlook.com,2002-12-27,42,23139.0,5
97,Wanda Torres,+593 92 1519-2531,wanda.torres@hotmail.com,2018-03-07,42,13859.0,9
79,Jonah Suarez,+507 919-522-807,jonah.suarez@gmail.com,2009-02-22,44,17943.0,10
704,Jocelyn Lopez,+598 999-975-785,,2020-05-06,42,23050.0,9
137,Aidan Camacho,+58 984-740-714,aidan.camacho@gmail.com,2021-07-18,30,4678.0,1
209,Omar Silva,+56 81 4562-2264,omar.silva@live.com,25/07/2014,68,17311.0,3
523,Omar Vera,+54 26 2114-6143,omar.vera@fibertel.com.ar,2016-03-15,,16109.0,4
838,Mariana Reyes,+593 960-265-524,mariana.reyes@gmail.com,2001-07-26,19,5202.0,4
733,Leandra Quispe,+57 85 9818-9955,leandra.quispe@fibertel.com.ar,2001-11-16,52,19228.0,1
569,Antonia Martinez,+591 69 5607-5086,antonia.martinez@yahoo.com,,60,6305.0,8
261,Antonia Carrasco,+502 74 6963-1844,antonia.carrasco@terra.cl,2004-12-23,42,13479.0,8
468,Lucia Salas,+57 14 4451-8053,lucia.salas@terra.cl,2012-06-24,54,21667.0,6
40,Priscilla Morales,+51 947-541-249,priscilla.morales@terra.cl,2010-12-14,51,15002.0,10
31,Bert Perez,+591 86 4697-9561,bert.perez@hotmail.com,2017-01-23,46,16007.0,5
698,Mariana Huanca,+55 965-639-671,mariana.huanca@live.com,2015-08-16,43,6834.0,3
452,Aidan Perez,+56 81 1579-6666,aidan.perez@outlook.pe,2003-03-05,44,21100.0,10
55,Melyssa Diaz,+593 965-298-894,melyssa.diaz@fibertel.com.ar,2015-09-03,40,22649.0,3
24,Aidan Fernandez,+55 941-445-879,aidan.fernandez@uol.com.br,2017-01-02,35,15313.0,5
405,Melyssa Vera,+56 901-874-416,melyssa.verahotmail.com,2008-06-02,53,8110.0,1
114,Bert Paredes,,bert.paredes@outlook.pe,2017-11-03,31,15578.0,4
110,Trevor Sanchez,591727703-9056,trevor.sanchez@uol.com.br,2018-08-23,63,16044.0,8
507,Lucia Moreno,+591 951-606-874,lucia.moreno@fibertel.com.ar,2020-10-22,36,16227.0,3
967,Pedro Ramirez,+51 987-286-122,pedro.ramirez@yahoo.com,,34,24068.0,1
950,Wanda Lopez,+51 69 7775-6265,wanda.lopez@hotmail.com,2003-06-02,67,21432.0,2
4,Aidan Perez,+55 908-316-680,aidan.perez@gmail.com,2014-02-11,31,22977.0,8
276,Laura Mendoza,+51 21 4506-9260,laura.mendoza@fibertel.com.ar,2021-04-17,41,24376.0,10
657,Hanae Carrasco,+52 77 2854-8853,hanae.carrasco@gmail.com,2017-09-13,59,20527.0,3
785,Pedro Suarez,+52 972-583-977,pedro.suarez@terra.cl,2012-02-24,,14170.0,10
855,Laura Perez,+593 93 3195-9324,laura.perez@uol.com.br,06/10/2010,48,17430.0,3
760,Emery Vera,+502 982-244-916,emery.vera@terra.cl,2021-01-03,44,20934.0,9
797,Tanner Salas,+591 93 7542-4755,tanner.salasgmail.com,2021-03-29,60,13472.0,7
137,Aidan Camacho,+58 984-740-714,aidan.camacho@gmail.com,2021-07-18,30,4678.0,1
395,,+57 962-846-284,tanner.castro@yahoo.com,2012-08-26,19,11663.0,3
487,  Diego Reyes  ,+591 86 5473-1549,diego.reyes@live.com,2012-05-01,59,17187.0,7
615,Miguel Diaz,+54 934-475-366,miguel.diaz@uol.com.br,2021-06-19,28,7022.0,4
878,Priscilla Torres,+56 16 8612-3832,priscilla.torres@uol.com.br,2009-10-29,21,10167.0,7
175,Thiago Paredes,+57 965-192-506,thiago.paredes@live.com,2016-04-27,50,1847.0,4
918,Hanae Martinez,51943-947-959,hanae.martinez@uol.com.br,2002-05-12,55,13339.0,7
59,Andres Vargas,+502 48 7171-6381,andres.vargasprodigy.net.mx,2005-09-24,60,24530.0,9
266,Priscilla Salas,+57 49 3556-1070,priscilla.salas@outlook.pe,2022-10-05,39,22708.0,5
64,Priscilla Ramirez,+598 918-398-539,priscilla.ramirez@fibertel.com.ar,2000-01-26,57,"12,500",4
790,  Camila Sanchez  ,+507 17 1402-7020,camila.sanchez@yahoo.com,2014-08-07,59,18511.0,1
262,Allen Quispe,+55 934-615-796,allen.quispe@outlook.com,2018-12-21,35,3284.0,2
101,Ana Diaz,+598 58 1202-5781,ana.diaz@prodigy.net.mx,2018-07-24,42,4275.0,9
367,Pedro Aguilar,+598 85 2059-6623,pedro.aguilar@outlook.com,2016-11-28,63,14005.0,9
300,Jonah Salas,+598 22 6300-3519,jonah.salasterra.cl,2001-04-18,23,16580.0,8
616,Bert Moreno,+507 918-979-546,bert.moreno@live.com,2012-06-29,73,7595.0,4
179,Priscilla Carrasco,+56 977-582-988,priscilla.carrasco@live.com,2021-08-09,28,8688.0,7
934,Carl Salas,+593 928-794-216,carl.salas@uol.com.br,2015-06-02,74,22641.0,9
779,Bert Martinez,+507 977-141-981,bert.martinez@hotmail.com,2007-02-20,55,18896.0,4
140,Cadman Sanchez,54993-926-168,cadman.sanchez@prodigy.net.mx,2003-11-26,42,19730.0,7
804,Lucia Vasquez,+591 80 6495-7446,lucia.vasquez@live.com,2015-08-22,36,15064.0,7
169,  Miguel Sanchez  ,+52 98 8130-2181,miguel.sanchez@hotmail.com,2006-11-24,19,16547.0,6
67,Diego Reyes,+54 63 2293-8055,diego.reyes@fibertel.com.ar,2008-02-04,52,11126.0,6
257,Wanda Diaz,+598 955-248-321,wanda.diaz@outlook.pe,2020-05-29,29,14192.0,6
68,  Aidan Diaz  ,+55 95 3621-1510,aidan.diaz@uol.com.br,2006-05-28,72,21408.0,8
447,Hanae Herrera,+598 53 7615-2107,hanae.herrera@terra.cl,2002-01-06,19,6715.0,4
13,  Camila Carrasco  ,+52 920-548-953,camila.carrasco@hotmail.com,2013-07-27,57,22929.0,9
532,Gabriela Castro,+598 9 6102-8802,gabriela.castro@yahoo.com,2021-01-22,75,9916.0,3
320,Julian Quispe,+593 993-433-191,julian.quispe@outlook.pe,2018-05-17,42,9129.0,7
985,Bert Camacho,+591 20 8679-9861,bert.camacho@hotmail.com,2022-06-16,27,11163.0,3
867,Priscilla Cardenas,+54 66 8773-3953,priscilla.cardenas@live.com,2016-11-09,57,2240.0,4
577,Daniela Huanca,+55 55 2079-5299,daniela.huanca@hotmail.com,2014-04-24,46,13234.0,8
335,Trevor Ramirez,+56 985-587-811,trevor.ramirez@outlook.com,2020-12-18,56,24189.0,6
287,Alden Salas,(+56 903-351-916),alden.salas@outlook.com,2013-12-05,47,17405.0,9
912,  Andres Fernandez  ,+56 27 1416-7975,andres.fernandez@uol.com.br,2005-05-27,46,8989.0,1
324,Alden Quispe,+593 47 7664-8306,alden.quispe@fibertel.com.ar,2003-10-06,72,"12,500",9
891,Andres Mendoza,+56 904-908-493,,2017-02-25,53,13047.0,8
537,Nicolas Mendoza,57921-750-749,nicolas.mendoza@terra.cl,2010-02-24,71,24964.0,3
693,Antonia Torres,+593 917-799-645,antonia.torres@yahoo.com,2012-01-29,68,14324.0,4
650,Ana Aguilar,+598 76 3997-9143,ana.aguilar@prodigy.net.mx,2000-02-25,27,2141.0,6
529,Andres Aguilar,,andres.aguilar@hotmail.com,2019-06-23,72,22864.0,5
514,Nicolas Gutierrez,+507 10 2060-6609,nicolas.gutierrez@yahoo.com,2010-01-31,150,8264.0,4
586,Leandra Gutierrez,+591 953-757-908,leandra.gutierrez@uol.com.br,2017-10-05,62,6578.0,9
3,Bert Aguilar,+56 958-750-954,bert.aguilar@outlook.com,2016-05-13,28,13630.0,6
446,Camila Carrasco,+58 31 3480-6764,camila.carrasco@fibertel.com.ar,2015-03-21,47,24935.0,3
238,Aidan Camacho,+51 971-940-467,aidan.camacho@fibertel.com.ar,2004-12-02,73,10747.0,1
496,Camila Rojas,+591 98 4481-8738,camila.rojas@outlook.pe,2016-11-17,71,16687.0,4
782,Sofia Gonzalez,502983-668-812,sofia.gonzalez@yahoo.com,2014-05-19,35,23569.0,3
328,Antonia Ramirez,+502 963-471-137,antonia.ramirez@live.com,2012-08-04,49,24570.0,10
548,Valentina Paredes,+502 55 5318-8066,valentina.paredes@live.com,2016-08-09,41,9190.0,6
859,Jonah Silva,+58 43 1575-4327,,2013-09-07,31,20854.0,9
530,Hanae Herrera,+51 926-987-857,hanae.herrera@outlook.pe,2013-02-22,41,103497.0,7
347,Mateo Morales,+54 67 6681-5873,mateo.morales@hotmail.com,2017-07-17,57,7238.0,7
834,Andres Fernandez,+591 977-921-616,andres.fernandez@hotmail.com,2013-07-23,25,14966.0,99
584,Daniela Ramirez,(+591 956-876-421),daniela.ramirez@uol.com.br,,35,16440.0,5
594,Diego Paredes,+591 994-754-455,diego.paredes@fibertel.com.ar,2018-04-04,29,20512.0,7
588,Melyssa Salas,+57 89 5610-5352,melyssa.salas@outlook.com,2016-10-15,50,14227.0,3
309,Rafael Aguilar,+57 58 7829-6902,rafael.aguilar@outlook.pe,2021-03-09,69,6809.0,10
190,Julian Lopez,+51 57 2650-6331,julian.lopez@gmail.com,2016-03-21,57,10009.0,3
994,Mariana Cardenas,+51 38 7934-8000,mariana.cardenas@live.com,2013-05-17,70,2209.0,2
232,Melyssa Fernandez,+51 80 9422-2677,melyssa.fernandez@hotmail.com,2009-04-07,52,12979.0,9
630,Andres Martinez,+54 35 4943-8557,andres.martinez@outlook.com,2006-09-02,63,6586.0,1
602,  Jonah Rojas  ,+57 977-676-124,jonah.rojas@yahoo.com,2019-08-26,49,13515.0,7
663,Omar Sanchez,+56 76 1081-5286,omar.sanchez@fibertel.com.ar,2011-08-08,72,22595.0,3
370,Wanda Herrera,+57 59 5900-3608,wanda.herrera@gmail.com,2000-12-19,53,14354.0,6
916,Bruno Fernandez,+507 974-897-272,bruno.fernandez@uol.com.br,2016-04-03,37,8601.0,6
315,  Hanae Moreno  ,+54 965-665-419,hanae.moreno@fibertel.com.ar,2015-04-14,66,22330.0,3
107,Alden Moreno,+591 971-536-573,alden.moreno@yahoo.com,2027-01-22,69,14772.0,3
824,Emery Quispe,+593 949-281-683,emery.quispe@yahoo.com,2022-07-16,49,15991.0,9
56,Mateo Ramirez,+55 89 6179-3473,mateo.ramirez@prodigy.net.mx,23/09/2019,22,16865.0,8
121,Omar Mendoza,+57 43 2934-1480,omar.mendoza@terra.cl,2015-01-10,69,15568.0,5
371,Aidan Aguilar,+507 82 3253-8239,aidan.aguilarlive.com,2021-08-22,36,6245.0,4
26,Thiago Herrera,+56 47 2983-1672,,2015-07-29,52,15537.0,6
73,Priscilla Diaz,+593 42 4453-7825,priscilla.diaz@gmail.com,2001-05-11,49,22050.0,9
563,Leandra Martinez,+591 992-273-841,,2014-06-06,41,2759.0,X
45,Hanae Salas,+55 98 9850-7866,hanae.salas@outlook.pe,2006-12-06,74,15094.0,2
297,  Pedro Carrasco  ,+57 990-643-543,pedro.carrasco@outlook.pe,2006-05-12,34,5328.0,6
329,Hanae Paredes,+57 972-976-333,hanae.paredes@hotmail.com,2012-04-21,30,23716.0,1
248,Leandra Gutierrez,598982-603-211,leandra.gutierrez@outlook.com,2006-06-15,0,15631.0,4
337,Tanner Lopez,+52 902-280-963,tanner.lopez@fibertel.com.ar,2011-09-29,24,2187.0,3
352,Miguel Rojas,+52 941-277-115,miguel.rojas@outlook.com,2018-01-14,59,11862.0,1
362,Tanner Silva,+54 61 8220-2789,tanner.silva@outlook.com,2007-06-14,23,N/A,2
879,Miguel Diaz,+56 983-370-645,miguel.diaz@terra.cl,2016-10-14,18,17810.0,7
961,Ana Rojas,+598 980-458-642,ana.rojas@fibertel.com.ar,2009-06-24,36,157056.0,6
421,Felipe Ramirez,+52 57 6137-8387,felipe.ramirez@hotmail.com,2007-03-24,29,N/A,1
382,Camila Perez,+593 86 8350-3761,camila.perez@fibertel.com.ar,2010-02-04,29,3961.0,6
695,  Ana Lopez  ,+598 962-891-796,ana.lopez@gmail.com,2012-11-20,70,10075.0,4
540,Pedro Carrasco,+51 932-215-741,pedro.carrasco@live.com,2020-12-04,45,20668.0,3
450,Camila Camacho,+591 17 8190-8004,camila.camacho@prodigy.net.mx,2016-11-14,73,3822.0,10
623,Pedro Gonzalez,+502 43 3358-3329,,2008-10-21,23,21713.0,7
210,Miguel Martinez,+52 86 1187-7266,miguel.martinez@hotmail.com,2002-06-05,37,18682.0,1
555,Leandra Lopez,+55 962-292-913,leandra.lopez@outlook.com,2018-02-18,20,13241.0,1
315,  Hanae Moreno  ,+54 965-665-419,hanae.moreno@fibertel.com.ar,2015-04-14,66,22330.0,3
482,HANAE MENDOZA,+502 10 6205-7820,hanae.mendoza@fibertel.com.ar,2008-01-15,27,16917.0,2
433,Jonah Perez,+51 82 5361-4911,jonah.perez@hotmail.com,2002-12-14,52,4810.0,5
627,Diego Rojas,+52 962-505-702,diego.rojas@live.com,2009-08-07,43,N/A,4
61,Emery Silva,+52 973-551-572,emery.silva@outlook.pe,2012-08-21,67,14013.0,9
622,Nicolas Camacho,+507 978-571-455,nicolas.camacho@gmail.com,2014-08-25,36,13557.0,1
756,Diego Fernandez,+56 53 5811-7108,,2029-01-28,,2986.0,6
93,Mariana Reyes,+502 35 7498-4921,mariana.reyes@outlook.com,2014-06-05,67,10775.0,7
902,Julian Sanchez,+593 63 2977-9057,julian.sanchez@terra.cl,2004-10-12,45,6886.0,1
463,Mateo Ramirez,+502 993-224-967,mateo.ramirez@fibertel.com.ar,2002-04-22,56,16977.0,9
667,Camila Suarez,+54 99 3001-7467,camila.suarez@fibertel.com.ar,2009-12-14,69,6133.0,2
977,Felipe Gonzalez,+58 996-876-467,,2022-02-20,40,4772.0,3
478,Valentina Huanca,+502 947-881-659,valentina.huanca@outlook.pe,2004-11-09,46,8842.0,10
333,Julian Silva,+598 52 1425-8439,julian.silva@uol.com.br,2014-09-21,55,7807.0,2
939,Diego Perez,+57 43 8394-7636,diego.perez@gmail.com,2002-08-21,33,21489.0,7
701,Miguel Vera,+593 938-391-971,,2017-03-08,42,20716.0,10
465,Cadman Cardenas,+593 34 3947-8439,cadman.cardenas@outlook.pe,2000-09-11,28,5458.0,7
356,Allen Perez,+56 959-418-268,allen.perez@fibertel.com.ar,2008-11-10,33,15394.0,3
363,Carl Salas,+591 43 8961-8753,carl.salas@prodigy.net.mx,2015-02-12,56,15572.0,6
313,Diego Huanca,+57 75 2140-2389,,2015-03-05,38,14661.0,3
319,  Felipe Huanca  ,+57 62 1797-5999,felipe.huancayahoo.com,2012-09-18,31,7499.0,8
144,  Mariana Cardenas  ,+55 933-866-950,mariana.cardenas@fibertel.com.ar,2004-01-20,36,2399.0,7
381,Alden Diaz,+598 995-392-667,alden.diaz@yahoo.com,2022-02-08,NA,1850.0,7
183,Emery Cardenas,+502 917-975-984,emery.cardenas@terra.cl,2005-05-05,65,9029.0,8
717,Thiago Gonzalez,+55 922-352-357,thiago.gonzalez@terra.cl,2021-07-06,71,N/A,3
111,Owen Quispe,+55 14 8231-9951,owen.quispe@fibertel.com.ar,2009-10-20,45,4855.0,4
531,  Omar Vasquez  ,(+51 51 1466-8708),omar.vasquez@terra.cl,2001-07-14,65,6229.0,7
378,Jonah Vera,+593 17 6396-2457,,2016-04-10,39,10453.0,3
714,DIEGO CAMACHO,+56 92 1020-4516,diego.camacho@uol.com.br,2015-06-27,26,24259.0,10
873,Gabriela Quispe,+502 991-732-145,gabriela.quispe@prodigy.net.mx,2017-05-31,18,19252.0,6
940,Bert Herrera,+507 44 1266-4982,bert.herrera@fibertel.com.ar,2017-12-12,70,24492.0,5
732,Mark Salas,+502 921-468-385,mark.salasterra.cl,20/07/2013,49,6239.0,5
293,Omar Mendoza,+55 34 2382-7791,omar.mendoza@prodigy.net.mx,2016-06-27,29,14394.0,7
437,Mark Fernandez,+507 76 3866-5346,mark.fernandez@fibertel.com.ar,2015-08-25,74,12352.0,7
836,Gabriela Cardenas,+52 14 6404-8904,gabriela.cardenas@fibertel.com.ar,2013-09-08,60,19222.0,9
308,Felipe Perez,+591 973-423-666,felipe.perez@gmail.com,2002-11-06,35,22743.0,7
290,Diego Sanchez,+51 86 1570-1895,diego.sanchez@live.com,2010-10-01,34,19611.0,7
969,Miguel Ramirez,(+57 959-578-323),miguel.ramirez@yahoo.com,2028-12-26,22,15071.0,9
216,Priscilla Vera,+52 950-772-240,priscilla.vera@live.com,2003-12-09,64,14024.0,9
631,Ana Paredes,+54 35 8753-1554,ana.paredes@prodigy.net.mx,2016-05-03,28,14305.0,4
281,Daniela Castro,+51 984-981-898,daniela.castro@gmail.com,2013-08-05,74,24636.0,3
674,Nicolas Vargas,+51 982-483-729,nicolas.vargasuol.com.br,2005-07-26,21,168779.0,6
451,Melyssa Torres,(+591 75 9192-6115),melyssa.torres@hotmail.com,2017-11-27,57,3356.0,9
299,Cadman Rojas,56936-284-954,cadman.rojas@terra.cl,2007-07-20,65,18170.0,5
786,Emery Moreno,(+55 951-710-246),emery.moreno@hotmail.com,2014-06-29,68,13663.0,10
138,Tanner Castro,+54 933-331-957,tanner.castro@gmail.com,2012-01-18,54,3519.0,3
306,Andres Silva,+56 901-295-214,andres.silva@live.com,2000-09-17,62,93543.0,1
808,Julian Lopez,+55 85 7416-4118,julian.lopez@uol.com.br,2014-11-02,55,12555.0,8
295,Allen Sanchez,+502 62 3955-7693,allen.sanchez@live.com,2006-07-19,19,11009.0,5
600,Daniela Suarez,+58 987-231-707,daniela.suarez@prodigy.net.mx,2001-04-07,50,16063.0,2
582,Julian Vasquez,+56 999-297-910,julian.vasquez@live.com,2012-05-22,63,6188.0,6
30,Jocelyn Morales,+54 25 9042-2680,jocelyn.morales@fibertel.com.ar,2000-07-19,54,10817.0,8
166,Melyssa Cardenas,+51 990-258-140,melyssa.cardenas@live.com,2006-11-23,38,21058.0,1
249,Owen Vargas,+58 74 9039-8833,owen.vargas@terra.cl,2019-07-24,43,3797.0,9
311,Aidan Reyes,+507 23 2734-2669,aidan.reyes@outlook.pe,2001-11-18,50,4954.0,3
686,Rafael Castro,+58 38 9836-4981,rafael.castro@outlook.com,2005-02-26,72,18385.0,3
844,Gabriela Huanca,+52 927-531-185,gabriela.huanca@outlook.com,2003-01-29,62,8087.0,4
343,Ana Quispe,+502 52 2406-6129,ana.quispe@outlook.pe,2030-05-26,45,24370.0,7
606,Hanae Gutierrez,+591 91 3576-4954,hanae.gutierrez@prodigy.net.mx,25/11/2012,49,3959.0,7
527,  Lucia Reyes  ,(+593 938-267-534),lucia.reyes@outlook.com,2012-02-28,32,8618.0,6
66,Trevor Carrasco,+55 74 7524-9897,,2021-03-27,34,2699.0,4
632,Miguel Gonzalez,+598 32 1121-3689,,2011-03-29,44,144562.0,8
892,Cadman Diaz,+51 61 5885-3378,cadman.diaz@terra.cl,2017-06-03,22,1644.0,8
255,Ana Perez,+56 21 6929-9842,ana.perez@outlook.com,2022-10-07,32,16711.0,4
719,Bert Morales,+55 44 9061-5919,,2008-12-12,69,14627.0,3
771,WANDA TORRES,+56 994-906-132,wanda.torres@terra.cl,2001-10-14,59,15320.0,1
222,Omar Lopez,+502 20 2870-8362,omar.lopez@yahoo.com,2016-04-12,23,18664.0,7
236,Leandra Paredes,+507 976-574-433,leandra.paredes@prodigy.net.mx,2004-05-18,70,16088.0,3
430,Allen Herrera,+56 16 4481-1215,allen.herrera@hotmail.com,2009-09-11,47,14117.0,4
544,Aidan Lopez,+502 42 3631-4430,aidan.lopez@outlook.pe,2014-06-09,65,14650.0,6
441,Camila Martinez,+58 68 1453-1432,camila.martinez@outlook.pe,2018-11-18,23,6106.0,10
589,Jonah Morales,+56 35 4279-5892,jonah.morales@uol.com.br,2009-08-12,74,20939.0,5
973,Valentina Rojas,56970-699-820,valentina.rojas@yahoo.com,2003-05-07,60,4918.0,6
250,Pedro Diaz,+54 31 1644-7294,pedro.diaz@outlook.pe,2008-07-26,37,24302.0,7
579,Priscilla Gutierrez,+57 970-384-333,priscilla.gutierrez@uol.com.br,2008-07-09,49,21384.0,8
410,Laura Salas,+598 909-328-497,laura.salas@yahoo.com,2020-09-25,60,4563.0,6
72,Melyssa Mendoza,+502 966-390-966,melyssa.mendoza@terra.cl,2003-07-16,34,7932.0,9
95,Melyssa Vargas,(+507 969-757-160),melyssa.vargas@fibertel.com.ar,2001-07-08,71,3935.0,1
34,Owen Cardenas,+57 983-552-384,owen.cardenas@gmail.com,2008-02-21,55,15783.0,8
645,Alden Morales,+52 58 4153-9647,alden.morales@uol.com.br,2013-02-16,40,-1000.0,7
260,MATEO PAREDES,+51 68 3271-7641,mateo.paredes@prodigy.net.mx,2008-04-18,68,13637.0,8
205,Thiago Fernandez,+55 991-172-113,thiago.fernandez@gmail.com,2009-05-12,59,17602.0,2
799,Bert Vargas,+56 82 4991-8045,bert.vargas@live.com,2018-02-06,47,18931.0,10
621,Diego Morales,,diego.morales@terra.cl,2013-03-09,40,18295.0,9
366,Daniela Rojas,+593 40 4467-3792,daniela.rojas@outlook.pe,2004-01-05,24,15750.0,1
78,Priscilla Camacho,+593 953-697-415,priscilla.camacho@terra.cl,2001-03-12,56,17051.0,5
85,Diego Herrera,+51 68 6026-3616,diego.herrera@outlook.com,2018-03-09,61,17966.0,5
995,Cadman Gonzalez,+52 950-672-892,cadman.gonzalez@outlook.pe,2009-05-07,63,2736.0,3
83,Andres Silva,+57 46 1613-1151,andres.silva@outlook.pe,2013-05-20,54,21251.0,2
526,Omar Aguilar,+598 50 9722-8499,omar.aguilar@outlook.com,2008-12-26,67,20323.0,6
440,Lucia Silva,+57 34 5096-3223,lucia.silva@prodigy.net.mx,2018-09-03,53,8037.0,5
568,Carl Reyes,+55 49 6844-4326,carl.reyes@gmail.com,2006-10-03,31,11578.0,2
561,Mariana Rojas,+52 949-288-185,mariana.rojas@hotmail.com,2003-01-09,33,90032.0,10
543,  Daniela Aguilar  ,+598 13 7532-8074,daniela.aguilar@outlook.pe,2001-02-24,31,20077.0,3
888,Mark Cardenas,+593 967-436-988,mark.cardenas@live.com,2016-05-10,18,22100.0,2
332,Aidan Reyes,+58 988-166-901,aidan.reyes@gmail.com,,21,15980.0,1
6,Julian Huanca,+591 73 2743-5889,julian.huanca@live.com,2022-10-09,56,8017.0,3
480,Alden Lopez,+502 971-979-857,alden.lopez@outlook.pe,2003-08-27,24,15449.0,2
105,,+593 30 1725-7547,mark.quispe@outlook.com,2014-11-15,68,15605.0,2
98,Mateo Gutierrez,+51 96 5593-9897,mateo.gutierrez@live.com,2001-06-23,29,11805.0,1
833,Thiago Aguilar,+51 980-586-246,thiago.aguilar@prodigy.net.mx,2018-06-25,45,20841.0,5
788,Felipe Moreno,+57 915-181-477,felipe.moreno@terra.cl,2020-01-13,23,19751.0,5
425,Allen Castro,+55 80 2085-7317,allen.castro@prodigy.net.mx,2012-09-20,56,8452.0,9
935,Trevor Castro,+56 976-259-522,trevor.castro@gmail.com,2013-05-20,20,16123.0,1
282,Felipe Cardenas,+598 45 6250-2006,felipe.cardenasuol.com.br,2001-04-06,55,2978.0,3
267,Ana Rojas,(+51 928-556-465),ana.rojas@live.com,2004-02-24,38,3303.0,10
535,Bruno Reyes,+55 32 5182-6586,bruno.reyes@terra.cl,2021-11-10,67,19486.0,8
454,Gabriela Cardenas,+51 40 1931-2255,gabriela.cardenas@gmail.com,2002-07-17,26,15870.0,3
360,Thiago Carrasco,+591 63 3716-7993,thiago.carrasco@hotmail.com,2011-05-06,62,11403.0,9
491,Hanae Torres,+58 31 5570-3300,hanae.torres@gmail.com,2014-02-25,44,8904.0,4
992,Antonia Vasquez,+591 935-369-145,antonia.vasquez@outlook.com,2013-12-16,41,18182.0,9
817,Ana Martinez,+51 18 8445-1810,ana.martinez@prodigy.net.mx,2021-09-28,36,24227.0,1
119,  Mateo Martinez  ,+591 69 2195-1273,mateo.martinez@terra.cl,2003-01-11,18,10091.0,4
635,Nicolas Perez,+52 66 4915-7504,nicolas.perez@gmail.com,2000-02-06,45,3065.0,2
251,Emery Gutierrez,+507 11 1606-6558,emery.gutierrez@fibertel.com.ar,2002-07-07,39,2902.0,7
406,Lucia Quispe,+502 916-819-790,lucia.quispe@uol.com.br,2004-05-14,39,14845.0,9
718,Andres Fernandez,+507 966-143-657,,2000-08-03,51,4692.0,6
705,Mateo Ramirez,+57 12 6338-3978,mateo.ramirez@prodigy.net.mx,2007-09-27,27,20395.0,10
10,Daniela Silva,(+56 969-956-115),daniela.silva@fibertel.com.ar,2004-03-08,66,9245.0,3
860,Mark Perez,+598 914-457-297,mark.perez@gmail.com,30/12/2022,70,22370.0,7
197,Miguel Silva,+598 900-661-482,miguel.silva@live.com,2008-06-16,44,19868.0,7
653,Alden Morales,+502 921-773-875,alden.morales@outlook.pe,14/04/2000,71,17541.0,4
82,Mariana Rojas,+51 29 7666-8793,mariana.rojas@yahoo.com,2021-06-01,59,8035.0,5
448,SOFIA REYES,+51 23 1613-2194,sofia.reyes@hotmail.com,2019-10-22,66,13765.0,10
534,  Valentina Ramirez  ,+52 10 3342-1558,valentina.ramirez@gmail.com,2010-09-01,28,14501.0,6
669,Ana Vargas,+591 40 7181-6469,ana.vargas@prodigy.net.mx,08/03/2021,58,24530.0,8
240,  Rafael Huanca  ,+507 39 9220-5411,rafael.huanca@prodigy.net.mx,2018-06-06,52,20385.0,6
412,Tanner Diaz,+56 910-405-994,tanner.diaz@yahoo.com,2020-04-01,73,15253.0,9
212,LUCIA GONZALEZ,+56 952-533-474,lucia.gonzalez@prodigy.net.mx,2015-08-16,30,12009.0,6
774,Nicolas Silva,+591 71 1070-6997,nicolas.silva@hotmail.com,2004-03-27,45,4987.0,2
546,Bert Herrera,+593 933-249-833,bert.herrera@prodigy.net.mx,2015-04-05,52,13093.0,7
520,CADMAN TORRES,+502 995-422-560,cadman.torres@terra.cl,2013-10-25,45,19957.0,7
228,Trevor Lopez,+593 960-916-136,trevor.lopez@terra.cl,2006-02-02,48,6591.0,8
923,Owen Diaz,57944-538-899,owen.diaz@outlook.pe,2015-01-14,68,7934.0,9
405,Melyssa Vera,+56 901-874-416,melyssa.verahotmail.com,2008-06-02,53,8110.0,1
890,Pedro Sanchez,+51 953-673-984,pedro.sanchez@outlook.com,2004-10-03,-5,1728.0,3
178,  Sofia Silva  ,+502 986-590-590,sofia.silva@terra.cl,2009-06-14,55,6783.0,7
872,THIAGO ROJAS,+51 966-685-886,thiago.rojas@prodigy.net.mx,2004-01-14,25,9761.0,2
466,Camila Vargas,+502 46 2950-6518,camila.vargas@uol.com.br,2015-02-06,55,21447.0,10
431,Valentina Castro,+591 951-292-170,valentina.castro@prodigy.net.mx,18/06/2012,45,6880.0,5
533,Mark Herrera,+54 22 5092-4706,mark.herrera@uol.com.br,2011-03-30,29,23106.0,5
696,Pedro Cardenas,+54 20 6967-4443,pedro.cardenas@outlook.com,2017-09-11,37,4390.0,6
479,Alden Diaz,+58 69 9575-4808,alden.diazyahoo.com,2002-08-23,67,17668.0,5
689,Gabriela Aguilar,+57 904-971-438,gabriela.aguilar@gmail.com,2001-07-09,56,24168.0,4
8,Daniela Rojas,+52 902-702-667,daniela.rojas@outlook.com,2010-04-28,55,8716.0,1
156,  Mark Martinez  ,+507 95 8178-3969,mark.martinez@prodigy.net.mx,2017-01-12,67,13250.0,10
358,Felipe Salas,+58 56 7292-9020,felipe.salas@uol.com.br,2013-10-22,59,20777.0,2
585,Lucia Salas,+55 13 5635-6308,lucia.salas@yahoo.com,2001-10-07,74,18267.0,1
224,  Carl Perez  ,+54 80 4401-1801,carl.perez@fibertel.com.ar,2008-04-16,27,3304.0,6
330,Owen Rojas,+507 966-877-144,owen.rojas@fibertel.com.ar,2010-01-26,21,10607.0,7
634,Julian Morales,+55 975-742-910,julian.morales@live.com,2002-10-25,48,15172.0,8
823,Tanner Aguilar,+56 31 2249-7096,tanner.aguilar@yahoo.com,2030-02-19,50,23216.0,2
869,Omar Gutierrez,58747902-3079,omar.gutierrez@fibertel.com.ar,2009-08-05,47,13931.0,1
612,Antonia Huanca,+56 87 5419-8966,antonia.huanca@yahoo.com,2005-08-02,24,9567.0,7
93,Mariana Reyes,+502 35 7498-4921,mariana.reyes@outlook.com,2014-06-05,67,10775.0,7
747,Emery Lopez,+598 70 2714-5493,emery.lopez@outlook.pe,2020-02-28,61,6006.0,5
312,Daniela Martinez,+52 69 6592-5698,daniela.martinez@gmail.com,2022-08-27,28,4292.0,5
810,Andres Silva,+51 983-421-827,andres.silva@fibertel.com.ar,2006-04-26,54,10694.0,7
495,  Hanae Vargas  ,+51 48 3317-6670,hanae.vargas@terra.cl,2020-07-29,43,6917.0,8
573,Lucia Aguilar,(+56 916-925-880),lucia.aguilar@fibertel.com.ar,19/10/2004,33,3938.0,3
629,Owen Cardenas,+598 18 5660-3271,owen.cardenas@live.com,2002-11-30,47,21362.0,5
763,Emery Salas,+591 942-154-556,emery.salas@yahoo.com,2019-12-06,,24591.0,1
959,Thiago Morales,+56 16 4887-1472,thiago.morales@prodigy.net.mx,2006-06-03,41,5932.0,1
164,Omar Vargas,+502 35 9866-1529,omar.vargas@gmail.com,2016-02-02,70,16330.0,2
229,Camila Diaz,+54 52 7147-9753,camila.diaz@yahoo.com,2007-06-12,54,21347.0,7
524,Nicolas Morales,+55 955-132-616,nicolas.morales@fibertel.com.ar,2014-09-02,68,19155.0,8
787,,+51 42 9920-4201,jonah.reyes@live.com,2011-02-12,68,6658.0,7
213,BERT ROJAS,+52 27 5713-1225,bert.rojas@gmail.com,2015-05-26,62,5146.0,0
826,Bert Gutierrez,+507 997-516-702,bert.gutierrez@prodigy.net.mx,2012-06-15,NA,24131.0,9
80,Camila Gonzalez,+598 931-385-671,camila.gonzalez@live.com,2013-05-22,32,11252.0,5
149,Aidan Aguilar,(+57 52 7704-8496),aidan.aguilar@yahoo.com,2006-06-04,38,24951.0,3
303,Cadman Reyes,+591 76 2375-5762,cadman.reyes@outlook.pe,2021-01-01,45,4094.0,8
449,Miguel Sanchez,+52 903-744-784,miguel.sanchez@fibertel.com.ar,2004-04-25,31,2589.0,3
502,Mark Salas,+502 981-867-409,mark.salas@fibertel.com.ar,2018-12-14,43,2233.0,3
549,Mark Silva,+52 98 4669-8623,mark.silva@prodigy.net.mx,2012-01-27,54,3243.0,8
842,Lucia Mendoza,+598 30 6673-3292,lucia.mendoza@yahoo.com,2014-01-09,24,14806.0,2
44,Omar Cardenas,+593 22 4830-8724,omar.cardenas@uol.com.br,2001-02-14,57,19896.0,6
494,Alden Fernandez,+598 986-510-407,alden.fernandez@terra.cl,2001-10-19,74,9177.0,9
134,Antonia Perez,+56 27 6425-2274,antonia.perez@prodigy.net.mx,04/09/2010,40,11969.0,3
595,Julian Castro,+593 905-451-618,julian.castro@fibertel.com.ar,2006-07-04,56,12695.0,9
312,Daniela Martinez,+52 69 6592-5698,daniela.martinez@gmail.com,2022-08-27,28,4292.0,5
508,Antonia Perez,+598 19 7697-1374,antonia.perez@yahoo.com,2014-07-31,57,9690.0,3
656,Thiago Lopez,+57 85 9730-4532,thiago.lopez@outlook.pe,2020-02-22,45,7140.0,10
517,Thiago Martinez,+502 91 4191-8475,thiago.martinez@hotmail.com,2000-01-09,34,14842.0,10
850,Andres Moreno,,andres.moreno@hotmail.com,2009-06-01,51,17975.0,6
812,Hanae Lopez,+598 36 4349-1163,hanae.lopez@uol.com.br,2010-04-21,0,8691.0,4
1,  Jonah Huanca  ,+52 994-204-792,jonah.huancalive.com,2003-11-25,55,91853.0,1
783,Emery Reyes,+593 96 7230-5319,emery.reyes@hotmail.com,2009-11-23,30,19840.0,6
383,Laura Fernandez,51817449-4562,laura.fernandez@outlook.com,2013-09-03,59,18392.0,X
317,Sofia Diaz,+51 916-587-319,sofia.diaz@hotmail.com,2020-01-05,22,13601.0,9
762,Alden Lopez,+58 60 5472-9940,alden.lopez@yahoo.com,2019-07-13,20,15566.0,8
592,Alden Castro,+502 43 1369-8859,alden.castroprodigy.net.mx,2026-02-07,64,24168.0,3
409,,+55 60 7701-3113,mateo.gutierrez@gmail.com,2019-10-10,41,18292.0,10
942,Sofia Cardenas,+57 953-507-174,sofia.cardenas@prodigy.net.mx,2020-05-08,54,20617.0,7
469,Allen Vera,+57 905-652-650,allen.vera@fibertel.com.ar,2008-10-02,18,17502.0,1
751,  Andres Reyes  ,+51 935-437-860,andres.reyes@yahoo.com,2029-06-26,46,3942.0,6
173,Thiago Vargas,+598 940-538-272,thiago.vargas@prodigy.net.mx,2000-03-20,38,9566.0,4
126,Thiago Rojas,+56 959-421-516,thiago.rojas@yahoo.com,2005-06-01,52,13240.0,4
697,Daniela Aguilar,+51 979-372-966,daniela.aguilar@terra.cl,2006-09-18,62,22580.0,2
500,Miguel Morales,+54 962-571-475,miguel.morales@outlook.pe,2027-09-04,74,21138.0,6
597,Carl Carrasco,56909-811-413,carl.carrasco@fibertel.com.ar,2010-11-06,66,14807.0,5
972,GABRIELA HERRERA,+598 41 9291-8000,gabriela.herrera@live.com,2001-07-17,55,21823.0,6
91,Valentina Silva,+55 61 3444-5913,valentina.silva@fibertel.com.ar,2016-11-19,29,19126.0,8
445,  Mark Castro  ,+58 936-568-223,mark.castro@uol.com.br,2017-06-20,18,-1000.0,5
182,Carl Salas,+502 61 6935-2746,carl.salas@outlook.com,2006-12-10,45,22850.0,10
364,Hanae Huanca,+56 44 5072-7036,,2020-04-09,57,23984.0,8
275,Carl Quispe,+56 35 4277-4027,carl.quispe@hotmail.com,2015-10-08,19,4474.0,11
753,Nicolas Perez,+58 75 2938-8741,nicolas.perez@fibertel.com.ar,2021-10-08,68,72800.0,2
963,Mark Lopez,+51 956-685-163,mark.lopez@uol.com.br,2016-10-01,26,7373.0,5
70,Lucia Gonzalez,+502 969-397-407,lucia.gonzalez@terra.cl,24/01/2007,63,24750.0,3
292,Julian Herrera,+51 32 8264-3229,julian.herrera@gmail.com,2000-02-20,43,8056.0,5
132,Carl Lopez,+52 52 3907-6301,carl.lopez@prodigy.net.mx,2002-09-02,19,6340.0,10
301,Aidan Silva,+55 18 9964-7248,aidan.silvalive.com,2004-02-25,43,9861.0,3
713,  Julian Ramirez  ,+591 997-903-388,julian.ramirez@live.com,2007-11-25,24,4452.0,11
327,Andres Vera,593771507-8293,andres.vera@hotmail.com,2005-07-15,40,"12,500",10
145,Hanae Ramirez,+598 37 5135-6004,hanae.ramirez@yahoo.com,08/05/2012,45,13836.0,6
796,Mariana Aguilar,+56 23 9709-1908,,2012-03-07,43,23902.0,8
964,Julian Cardenas,+55 24 2309-9596,julian.cardenas@gmail.com,2017-11-05,45,11341.0,7
887,Mariana Sanchez,+52 988-608-865,mariana.sanchez@hotmail.com,2004-06-08,55,16790.0,9
136,Bert Lopez,+598 99 1507-8066,bert.lopez@prodigy.net.mx,2007-05-27,56,15727.0,3
997,Antonia Rojas,+56 943-113-265,antonia.rojas@uol.com.br,2007-06-05,22,18330.0,2
723,Sofia Reyes,+56 962-393-150,sofia.reyes@uol.com.br,2021-10-03,48,20211.0,5
165,Lucia Vera,+51 34 8259-4695,lucia.vera@gmail.com,2016-06-30,66,20780.0,9
29,Julian Fernandez,+54 992-297-423,julian.fernandez@live.com,2005-05-12,65,19059.0,3
680,Valentina Diaz,56589255-4310,valentina.diaz@gmail.com,2003-05-14,23,23399.0,4
194,Diego Paredes,+591 61 3741-4012,diego.paredes@prodigy.net.mx,2001-01-13,0,9188.0,5
903,Allen Cardenas,+57 923-864-523,allen.cardenas@yahoo.com,2000-08-15,24,10220.0,3
814,Thiago Silva,+56 920-267-777,thiago.silva@gmail.com,2005-12-09,36,3207.0,6
434,Carl Rojas,+591 88 8811-6002,carl.rojas@yahoo.com,14/09/2010,28,11825.0,99
988,Aidan Vera,+54 977-880-829,aidan.vera@prodigy.net.mx,2017-07-09,28,14770.0,9
170,Carl Ramirez,+56 83 1745-2189,carl.ramirez@prodigy.net.mx,2016-01-17,50,4977.0,5
542,Felipe Vera,+598 966-991-783,felipe.vera@prodigy.net.mx,2017-02-28,20,21215.0,2
141,Mark Reyes,+598 45 9775-6633,mark.reyes@hotmail.com,2018-06-07,34,14051.0,8
174,Owen Aguilar,+591 993-741-178,owen.aguilar@yahoo.com,2003-05-20,75,2110.0,9
7,Mateo Diaz,+502 908-878-645,mateo.diaz@hotmail.com,2005-08-22,26,23118.0,8
821,Hanae Huanca,+598 29 3472-5683,hanae.huanca@terra.cl,2005-04-01,22,12070.0,7
536,Laura Vargas,+54 970-184-987,laura.vargasterra.cl,2022-08-22,29,14527.0,9
962,  Hanae Torres  ,(+58 901-403-559),hanae.torres@fibertel.com.ar,2006-12-02,0,15314.0,7
856,Sofia Diaz,56988566-6297,sofia.diaz@gmail.com,2009-03-08,39,-1000.0,5
74,Lucia Paredes,+58 947-627-675,lucia.paredes@terra.cl,2004-10-05,38,9421.0,8
738,Andres Carrasco,57327860-6513,andres.carrasco@uol.com.br,2012-12-21,21,5052.0,7
528,Thiago Sanchez,+56 73 9462-2993,thiago.sanchez@hotmail.com,2007-04-22,66,8369.0,X
239,Cadman Torres,+57 982-116-247,cadman.torres@yahoo.com,2021-10-31,60,15810.0,3
146,Mark Gutierrez,+55 90 6327-5536,mark.gutierrez@hotmail.com,2011-09-18,59,"12,500",5
853,Jonah Morales,+55 917-406-317,jonah.morales@live.com,2020-09-05,31,14622.0,2
235,Mark Lopez,+593 938-645-572,mark.lopez@fibertel.com.ar,2017-12-23,55,15047.0,4
221,Melyssa Martinez,+598 97 9470-3330,melyssa.martinez@live.com,2020-10-17,0,22671.0,8
215,Bert Mendoza,+591 80 1352-1651,,2011-02-05,51,11491.0,6
712,Jonah Rojas,+58 923-142-223,jonah.rojas@uol.com.br,2001-06-06,46,5956.0,6
133,Miguel Silva,(+593 990-675-810),miguel.silva@outlook.pe,2016-01-03,32,23308.0,10
686,Rafael Castro,+58 38 9836-4981,rafael.castro@outlook.com,2005-02-26,72,18385.0,3
907,Carl Martinez,+55 11 3779-1730,carl.martinezoutlook.pe,2000-06-16,60,24924.0,2
708,Nicolas Perez,57986-870-200,,2006-01-16,68,13437.0,7
423,Andres Reyes,+54 987-966-834,andres.reyes@outlook.com,2012-08-10,43,4871.0,10
186,Camila Camacho,+52 33 8450-7618,camila.camacho@live.com,2000-03-17,34,7235.0,7
42,Felipe Sanchez,+52 54 4588-4115,felipe.sanchez@live.com,2011-03-30,61,23100.0,3
768,Mark Perez,598319936-6884,,2015-07-11,,9483.0,6
109,Emery Rojas,,emery.rojas@yahoo.com,2006-03-08,54,14073.0,7
636,  Allen Vera  ,+54 39 7373-6383,allen.vera@fibertel.com.ar,2007-12-13,52,22999.0,4
57,Valentina Castro,+591 14 8368-4084,valentina.castro@prodigy.net.mx,2014-06-03,56,17085.0,9
483,Carl Reyes,+54 954-698-846,carl.reyes@outlook.com,2013-09-18,41,21963.0,7
754,Camila Castro,+598 32 7228-1240,camila.castro@fibertel.com.ar,2013-07-30,23,19630.0,1
794,Ana Perez,+593 32 2468-9077,ana.perez@fibertel.com.ar,2019-07-02,63,10089.0,9
469,Allen Vera,+57 905-652-650,allen.vera@fibertel.com.ar,2008-10-02,18,17502.0,1
927,Mariana Reyes,+598 10 9470-6047,mariana.reyes@yahoo.com,2015-01-02,20,24355.0,8
436,Emery Herrera,+591 85 8935-2847,emery.herrera@terra.cl,2012-02-09,61,18516.0,1
25,Alden Vargas,+593 927-576-816,alden.vargas@outlook.pe,2011-06-30,67,13587.0,3
550,Owen Cardenas,+502 976-602-541,owen.cardenas@live.com,2005-12-24,43,8551.0,8
519,Emery Reyes,+52 28 6304-3562,emery.reyes@prodigy.net.mx,2008-08-10,67,14483.0,3
131,Valentina Camacho,+57 940-925-855,valentina.camacho@yahoo.com,2016-02-04,55,2424.0,6
668,Lucia Perez,+58 18 2374-9272,lucia.perez@gmail.com,12/04/2022,66,-1000.0,7
393,Hanae Fernandez,+593 35 9758-2903,hanae.fernandez@gmail.com,2000-01-23,59,143187.0,10
998,Ana Suarez,507994-231-705,ana.suarez@outlook.pe,2005-08-16,52,14773.0,5
339,Felipe Suarez,+507 87 2062-3743,felipe.suarez@hotmail.com,2022-10-25,42,22637.0,9
52,Emery Paredes,+598 15 3549-3579,emery.paredes@terra.cl,2002-03-26,61,4173.0,5
384,Bert Moreno,+57 962-107-259,bert.moreno@fibertel.com.ar,2011-03-22,32,102026.0,7
862,Cadman Vargas,+591 12 8776-3474,cadman.vargas@live.com,2017-06-26,34,20319.0,7
990,Mariana Quispe,+598 58 4784-4668,mariana.quispe@yahoo.com,2012-04-30,75,24648.0,9
683,Melyssa Suarez,+58 969-181-575,melyssa.suarez@terra.cl,2000-06-23,31,6882.0,2
996,Camila Ramirez,+591 955-916-498,camila.ramirez@live.com,2001-01-27,47,8292.0,5
265,Melyssa Vasquez,+502 32 3873-3514,melyssa.vasquez@yahoo.com,2007-03-26,33,5331.0,1
709,Daniela Camacho,+502 99 7098-9426,daniela.camacho@outlook.com,2016-01-12,29,9259.0,9
766,  Tanner Reyes  ,+593 84 5253-8211,tanner.reyes@terra.cl,2015-03-30,20,15854.0,5
737,MIGUEL FERNANDEZ,+51 48 6156-7940,miguel.fernandez@yahoo.com,2016-05-02,49,16019.0,6
445,  Mark Castro  ,+58 936-568-223,mark.castro@uol.com.br,2017-06-20,18,-1000.0,5
396,Valentina Salas,+56 91 1716-3165,,2011-02-20,67,4239.0,5
559,ANDRES MORALES,+57 88 5230-7927,andres.morales@yahoo.com,2013-11-22,0,22908.0,5
177,Diego Cardenas,+591 928-628-515,,2015-10-30,70,12806.0,8
19,Thiago Vasquez,+507 986-318-623,thiago.vasquez@terra.cl,2021-03-23,68,7060.0,2
980,Owen Paredes,+52 974-112-697,owen.paredes@hotmail.com,2019-06-08,58,3669.0,10
539,OWEN VARGAS,+56 83 3487-4372,owen.vargas@uol.com.br,2019-11-21,27,23527.0,5
614,Valentina Mendoza,+52 945-514-380,valentina.mendoza@uol.com.br,2011-02-27,150,11024.0,4
591,Miguel Paredes,+56 983-122-404,miguel.paredes@terra.cl,2001-07-27,75,5434.0,5
368,Valentina Cardenas,+54 968-294-967,valentina.cardenas@gmail.com,30/05/2017,45,11974.0,6
84,Tanner Huanca,(+54 33 3875-7643),tanner.huanca@terra.cl,2019-03-09,50,12245.0,2
62,Melyssa Fernandez,+591 955-193-327,melyssa.fernandez@outlook.pe,2020-03-27,74,12955.0,1
515,Mark Lopez,+56 968-966-859,mark.lopez@fibertel.com.ar,2003-07-25,69,3334.0,8
273,Melyssa Rojas,+57 33 9612-9717,,2005-02-10,44,16589.0,2
286,Julian Fernandez,+598 64 1981-9556,julian.fernandez@fibertel.com.ar,2008-12-31,41,16654.0,3
361,Andres Herrera,+51 71 1025-2587,andres.herrera@live.com,2003-02-18,67,24316.0,7
355,Priscilla Perez,55969-155-780,priscilla.perez@terra.cl,2011-02-20,69,24023.0,4
952,Felipe Sanchez,+51 901-701-351,felipe.sanchezoutlook.pe,2000-07-25,63,104789.0,6
279,Thiago Cardenas,+593 54 8795-7626,thiago.cardenas@live.com,2021-09-25,50,10638.0,3
369,Cadman Vasquez,+57 98 1562-6245,cadman.vasquez@live.com,2013-11-08,50,24064.0,2
665,Valentina Mendoza,(+55 14 4057-7607),valentina.mendoza@terra.cl,2010-04-11,64,23643.0,6
619,Andres Carrasco,+507 75 6798-7638,andres.carrasco@fibertel.com.ar,2011-04-12,51,14858.0,3
590,Lucia Castro,+598 71 8867-5675,lucia.castro@uol.com.br,2011-02-23,22,21697.0,2
658,Omar Lopez,+57 14 8007-9036,omar.lopez@fibertel.com.ar,2009-03-17,26,53022.0,2
54,Mateo Martinez,+58 62 5743-2887,mateo.martinez@prodigy.net.mx,2018-03-03,19,12142.0,3
457,Aidan Gonzalez,+51 53 1425-6508,aidan.gonzalez@live.com,2011-10-11,69,20864.0,4
394,Tanner Fernandez,+591 83 2743-7258,tanner.fernandez@gmail.com,2011-07-18,73,22020.0,10
685,Cadman Carrasco,+502 94 9411-3790,cadman.carrasco@outlook.pe,2008-05-16,22,1959.0,3
724,Leandra Herrera,+57 93 3286-1431,leandra.herrera@live.com,2009-08-12,47,3170.0,9
376,Camila Vasquez,+591 912-778-939,camila.vasquez@fibertel.com.ar,2002-01-02,33,2703.0,4
413,  Miguel Camacho  ,+58 80 4253-2274,miguel.camacho@prodigy.net.mx,2006-06-27,38,23260.0,6
75,Melyssa Gutierrez,+507 939-609-123,melyssa.gutierrez@fibertel.com.ar,2004-01-15,43,18062.0,8
948,Lucia Perez,+593 984-733-423,lucia.perez@hotmail.com,2018-02-25,24,1917.0,1
501,Andres Perez,+56 25 3369-9084,andres.perez@yahoo.com,2019-05-04,75,10501.0,6
605,Bruno Vargas,507183698-5047,bruno.vargas@hotmail.com,2018-07-19,71,22000.0,6
115,Daniela Castro,+58 988-235-765,daniela.castro@gmail.com,2013-07-16,28,10479.0,X
418,Trevor Vasquez,+51 82 8030-3111,trevor.vasquez@uol.com.br,2017-07-06,64,7192.0,7
90,Aidan Vargas,+54 993-689-426,aidan.vargas@fibertel.com.ar,2014-05-20,33,11388.0,3
991,Wanda Suarez,+55 10 8976-8245,wanda.suarez@terra.cl,2010-08-04,65,4827.0,3
933,Gabriela Castro,+51 977-643-266,gabriela.castro@outlook.com,2012-03-07,32,19896.0,9
875,Carl Diaz,+52 930-384-522,carl.diaz@terra.cl,2018-06-10,19,16130.0,6
661,Carl Gonzalez,+52 981-449-190,carl.gonzalez@live.com,2016-03-19,64,18404.0,5
12,Thiago Vasquez,+598 984-697-678,thiago.vasquez@gmail.com,2014-03-11,34,8193.0,6
397,  Melyssa Torres  ,+507 907-656-808,melyssa.torres@terra.cl,31/12/2011,58,19313.0,2
576,  Laura Vasquez  ,+591 36 7988-5111,laura.vasquez@uol.com.br,2015-06-19,65,9389.0,9
43,Diego Moreno,+54 41 8894-5835,diego.moreno@fibertel.com.ar,2015-03-12,69,190659.0,8
168,Lucia Salas,+58 992-389-125,lucia.salas@hotmail.com,2016-10-26,50,18170.0,8
417,Andres Huanca,+52 43 5333-6036,,2018-08-08,61,9415.0,1
968,Pedro Sanchez,+56 934-806-450,pedro.sanchez@terra.cl,2005-09-09,0,14246.0,1
427,Leandra Gutierrez,+58 44 6196-6665,leandra.gutierrez@hotmail.com,2017-12-16,23,19733.0,6
545,Antonia Gutierrez,+58 990-597-459,antonia.gutierrez@yahoo.com,2015-02-12,69,15844.0,6
949,  Antonia Paredes  ,+598 84 4248-9448,antonia.paredes@prodigy.net.mx,2021-09-21,-5,190127.0,8
782,Sofia Gonzalez,502983-668-812,sofia.gonzalez@yahoo.com,2014-05-19,35,23569.0,3
905,Jocelyn Paredes,+55 920-458-730,jocelyn.paredes@uol.com.br,2014-07-31,24,24400.0,10
662,Jocelyn Vera,+593 952-312-346,jocelyn.vera@gmail.com,2018-05-26,56,21626.0,9
258,Laura Vasquez,593304763-2416,laura.vasquez@yahoo.com,2018-06-20,72,18597.0,8
336,  Allen Perez  ,+502 51 7158-4363,allen.perez@outlook.pe,2017-12-15,29,1720.0,6
16,Alden Fernandez,+502 904-979-581,alden.fernandezyahoo.com,2009-12-23,30,16583.0,6
679,Cadman Quispe,+591 943-868-223,cadman.quispe@outlook.com,2011-04-20,71,7792.0,X
325,Melyssa Huanca,+507 932-959-796,,2017-01-19,40,22216.0,4
818,Tanner Vargas,,tanner.vargas@outlook.pe,2008-02-26,28,2203.0,6
223,  Aidan Martinez  ,+54 66 5731-3960,,2005-04-10,75,5811.0,4
180,  Trevor Moreno  ,+593 919-720-198,trevor.moreno@fibertel.com.ar,2007-12-16,48,21644.0,10
100,Valentina Diaz,+54 18 2344-5390,,2006-12-01,42,24820.0,3
522,Thiago Salas,+56 943-382-650,thiago.salas@gmail.com,2016-07-28,46,10813.0,2
23,Sofia Vera,+598 71 4595-5471,sofia.vera@fibertel.com.ar,2019-07-20,49,162358.0,7
357,Miguel Quispe,+507 948-537-974,,2003-09-25,66,11337.0,10
721,  Thiago Huanca  ,+56 975-597-782,thiago.huanca@hotmail.com,2020-12-18,25,9767.0,11
928,Bruno Perez,+51 982-550-781,bruno.perez@outlook.com,2009-06-18,19,14756.0,8
758,Bert Vargas,+56 969-913-890,bert.vargas@uol.com.br,2016-09-26,18,17276.0,2
341,Valentina Huanca,+507 982-177-467,valentina.huanca@yahoo.com,2003-09-12,36,17941.0,9
432,Ana Diaz,+58 950-614-541,ana.diaz@terra.cl,2022-10-13,39,3241.0,8
596,Mateo Huanca,+591 30 4715-6486,mateo.huanca@live.com,2021-12-10,25,12165.0,6
899,Hanae Camacho,+57 967-541-839,hanae.camacho@prodigy.net.mx,2022-08-09,71,17070.0,10
204,Gabriela Sanchez,+52 72 3525-5638,gabriela.sanchez@uol.com.br,2014-06-21,44,22501.0,6
761,  Mariana Suarez  ,+591 998-842-892,mariana.suarez@live.com,2003-03-04,20,9948.0,6
94,Wanda Paredes,+51 974-693-837,wanda.paredes@yahoo.com,2018-09-24,36,6494.0,4
603,Andres Moreno,+57 920-188-684,andres.moreno@outlook.com,2008-05-18,60,7939.0,8
69,Andres Lopez,+52 12 4048-9176,andres.lopez@live.com,2017-05-11,53,5358.0,5
954,Hanae Suarez,+52 68 5914-5319,hanae.suarez@gmail.com,2000-12-04,50,18120.0,1
285,Miguel Suarez,+56 47 9268-5913,miguel.suarez@terra.cl,02/06/2019,60,19193.0,6
866,Melyssa Vera,+507 67 5207-6019,melyssa.vera@hotmail.com,2010-12-26,-5,3262.0,3
435,Thiago Huanca,+52 905-938-117,thiago.huanca@outlook.pe,2013-01-14,71,8980.0,9
154,Mateo Gonzalez,+57 74 2229-2659,mateo.gonzalez@outlook.pe,2011-06-24,59,9074.0,8
76,Andres Camacho,+58 971-299-471,andres.camacho@gmail.com,2012-12-11,22,14159.0,9
789,Jonah Gutierrez,+593 91 1414-9667,jonah.gutierrez@outlook.com,2018-06-07,68,12688.0,3
581,Lucia Ramirez,+54 82 6424-4184,lucia.ramirez@outlook.pe,2028-09-20,38,22231.0,10
447,Hanae Herrera,+598 53 7615-2107,hanae.herrera@terra.cl,2002-01-06,19,6715.0,4
189,Antonia Huanca,+51 56 6167-9066,antonia.huanca@fibertel.com.ar,2012-04-28,49,7492.0,9
272,Leandra Moreno,+593 912-713-870,leandra.moreno@outlook.com,2007-07-01,150,12071.0,6
237,Carl Quispe,+593 968-398-499,carl.quispe@yahoo.com,2020-01-22,30,8239.0,6
488,Gabriela Silva,+51 978-830-256,,2007-12-08,73,132963.0,2
560,Leandra Ramirez,+56 962-168-287,leandra.ramirez@hotmail.com,2014-09-07,28,9904.0,7
118,Rafael Torres,+593 35 9482-9348,rafael.torres@gmail.com,2008-06-17,65,"12,500",5
881,Lucia Quispe,+502 67 4002-7459,lucia.quispe@hotmail.com,2020-04-27,18,18191.0,7
513,Omar Ramirez,+51 83 5963-3430,omar.ramirez@outlook.com,2000-07-16,34,13432.0,9
598,Camila Gonzalez,+51 47 6622-7352,camila.gonzalez@uol.com.br,2016-10-25,31,11454.0,7
644,Melyssa Cardenas,+52 921-289-764,melyssa.cardenas@fibertel.com.ar,2028-10-15,58,2051.0,8
127,Andres Moreno,+593 922-131-514,andres.moreno@gmail.com,2020-04-13,53,19526.0,4
117,Mateo Huanca,+593 944-839-318,mateo.huanca@prodigy.net.mx,2006-10-16,44,21687.0,8
474,Lucia Fernandez,+58 956-535-508,lucia.fernandez@terra.cl,2011-09-11,21,10292.0,8
730,Thiago Quispe,593969-659-228,thiago.quispe@outlook.com,2000-01-06,50,20304.0,4
58,Diego Reyes,+58 943-795-712,diego.reyes@live.com,2002-05-07,68,22172.0,6
729,Andres Mendoza,593977-531-818,andres.mendoza@live.com,2012-09-11,150,21482.0,7
981,Carl Torres,+51 945-871-888,carl.torres@terra.cl,2016-12-09,-5,24152.0,8
370,Wanda Herrera,+57 59 5900-3608,wanda.herrera@gmail.com,2000-12-19,53,14354.0,6
269,Sofia Vargas,+598 926-410-586,sofia.vargas@prodigy.net.mx,2015-01-17,22,20855.0,7
47,Hanae Vera,+57 903-234-115,,2016-01-26,68,9296.0,10
350,Carl Gonzalez,+57 922-321-831,carl.gonzalez@live.com,2001-07-18,75,148931.0,9
196,Mateo Martinez,+593 48 6688-8891,mateo.martinezfibertel.com.ar,2010-03-10,69,4434.0,8
103,Andres Lopez,+502 71 4971-6339,andres.lopez@live.com,2016-11-13,35,14375.0,6
900,Carl Camacho,(+593 86 3372-8770),carl.camacho@gmail.com,2008-12-21,54,15200.0,2
746,Ana Rojas,+593 94 6251-4947,ana.rojas@gmail.com,2005-07-13,27,19084.0,8
894,Ana Salas,+58 40 4786-6406,ana.salas@live.com,2010-06-09,37,19520.0,2
264,Leandra Huanca,+591 61 6616-6346,leandra.huanca@outlook.com,2021-10-22,55,23318.0,9
444,Gabriela Fernandez,+593 984-731-226,gabriela.fernandez@prodigy.net.mx,2019-05-24,27,22346.0,1
793,  Miguel Martinez  ,+591 904-580-506,miguel.martinez@hotmail.com,2004-02-10,21,19562.0,8
305,TANNER SUAREZ,+56 86 5248-2742,tanner.suarez@yahoo.com,2019-06-17,52,2087.0,1
342,Trevor Herrera,+57 78 5278-1139,trevor.herreraprodigy.net.mx,2013-06-07,36,12858.0,7
937,VALENTINA AGUILAR,+57 60 7421-3169,valentina.aguilar@hotmail.com,2000-09-11,53,2584.0,9
314,Ana Aguilar,+502 53 1129-5583,ana.aguilar@live.com,2006-08-03,62,14736.0,8
150,Antonia Martinez,(58961-492-104),antonia.martinez@uol.com.br,2001-09-10,52,8034.0,6
125,Diego Castro,+598 917-752-939,diego.castro@hotmail.com,2017-09-09,22,20895.0,10
847,  Mateo Cardenas  ,+502 906-645-709,mateo.cardenas@gmail.com,2015-04-07,48,8967.0,10
886,Carl Sanchez,+507 991-847-757,carl.sanchez@outlook.com,2022-08-30,42,3232.0,1
51,Mateo Perez,+591 88 1430-5381,mateo.perez@uol.com.br,2001-04-19,29,10454.0,5
354,Emery Perez,+52 16 3253-7136,emery.perez@uol.com.br,2022-05-16,36,158761.0,3
999,TANNER ROJAS,+52 957-570-226,tanner.rojas@fibertel.com.ar,2016-12-07,44,15061.0,7
143,Aidan Moreno,+56 964-513-238,aidan.moreno@yahoo.com,2001-04-19,29,147639.0,4
471,Ana Gonzalez,+593 40 3242-7163,ana.gonzalez@gmail.com,2009-11-16,61,7911.0,5
400,Valentina Camacho,+507 988-523-716,valentina.camacho@terra.cl,2014-12-16,26,22928.0,4
930,Emery Cardenas,(+57 97 8461-1961),emery.cardenas@yahoo.com,2011-10-08,59,19883.0,7
321,Bert Suarez,+591 15 9548-4103,bert.suarez@prodigy.net.mx,2021-05-06,50,2111.0,2
20,Julian Martinez,+52 58 9099-7547,julian.martinez@prodigy.net.mx,2010-12-11,27,22997.0,1
908,Jocelyn Cardenas,+57 53 4152-5051,jocelyn.cardenas@outlook.com,2009-04-02,29,1714.0,3
851,Mark Castro,+598 940-251-673,mark.castro@outlook.pe,2019-01-27,45,20675.0,4
895,Lucia Gutierrez,+591 995-883-984,lucia.gutierrez@outlook.com,2004-12-26,26,19391.0,2
408,Carl Vargas,+591 20 9174-2541,carl.vargas@live.com,2020-05-26,38,7061.0,5
538,Emery Huanca,+54 94 6105-4420,emery.huanca@hotmail.com,2002-12-30,21,14947.0,3
694,Mariana Mendoza,+58 973-275-513,mariana.mendoza@terra.cl,2009-12-10,73,N/A,4
39,Pedro Vasquez,+593 942-972-790,pedro.vasquez@uol.com.br,2017-01-17,38,22038.0,8
176,Wanda Quispe,+52 947-339-143,,2009-04-10,51,13337.0,7
246,LEANDRA HUANCA,+56 96 8306-6759,leandra.huanca@uol.com.br,2009-11-03,64,10783.0,5
893,Wanda Cardenas,+54 46 9247-2080,wanda.cardenas@yahoo.com,2009-11-19,19,1834.0,5
722,Leandra Lopez,+51 977-613-138,leandra.lopez@yahoo.com,2013-05-08,59,21093.0,8
944,Bert Vargas,+58 900-168-396,bert.vargas@yahoo.com,2013-05-06,21,22876.0,8
925,Priscilla Sanchez,+598 70 9743-2272,priscilla.sanchez@gmail.com,2011-09-30,61,15503.0,1
155,Hanae Gonzalez,+55 956-736-374,hanae.gonzalez@yahoo.com,2004-03-02,41,12730.0,3
639,Camila Huanca,+58 64 2696-9395,camila.huanca@terra.cl,2018-01-19,31,6989.0,4
288,Aidan Aguilar,+55 17 7668-6954,aidan.aguilar@hotmail.com,2004-01-19,43,6105.0,4
626,Alden Castro,+56 73 6947-7760,alden.castro@yahoo.com,2017-12-08,44,20065.0,6
742,Ana Herrera,+591 932-470-916,ana.herrera@outlook.com,2012-01-14,21,2530.0,7
570,Mateo Camacho,+56 17 3903-3210,mateo.camacho@terra.cl,2013-06-17,61,14398.0,3
802,Miguel Gutierrez,(+54 84 8375-6071),miguel.gutierrez@uol.com.br,2003-12-29,44,8096.0,7
18,Leandra Gonzalez,+598 915-837-407,leandra.gonzalez@terra.cl,2022-09-30,37,23352.0,7
128,Leandra Huanca,+52 65 3110-2506,leandra.huanca@hotmail.com,2014-11-15,25,2899.0,8
323,Cadman Martinez,+54 915-153-307,cadman.martinez@terra.cl,2010-09-30,NA,195247.0,10
256,Julian Morales,+502 968-280-261,julian.morales@hotmail.com,2001-04-21,49,18372.0,2
791,Mateo Herrera,+52 76 2422-9099,mateo.herrera@hotmail.com,2007-05-18,20,8003.0,2
324,Alden Quispe,+593 47 7664-8306,alden.quispe@fibertel.com.ar,2003-10-06,72,"12,500",9
191,Mateo Gonzalez,+56 39 8081-7240,mateo.gonzalez@outlook.com,2008-10-17,27,6400.0,8
116,Thiago Perez,+593 901-812-451,thiago.perez@fibertel.com.ar,2005-05-29,73,15338.0,3
666,Bruno Reyes,+52 56 4955-9207,bruno.reyes@gmail.com,2008-01-02,71,10525.0,6
607,Rafael Lopez,+507 58 3248-8689,rafael.lopez@live.com,2015-02-13,23,24156.0,8
181,Jocelyn Herrera,+58 961-908-887,jocelyn.herrera@fibertel.com.ar,2017-02-06,40,20801.0,10
302,Emery Carrasco,+57 912-952-476,emery.carrasco@prodigy.net.mx,2022-12-30,30,17543.0,8
830,Wanda Camacho,507179656-8813,wanda.camacho@yahoo.com,2014-08-05,63,24447.0,1
901,Felipe Herrera,+55 955-970-178,felipe.herrera@terra.cl,2001-03-28,33,18767.0,5
781,EMERY RAMIREZ,+507 59 4216-6016,emery.ramirez@gmail.com,2008-06-16,63,8863.0,10
740,Thiago Moreno,+507 80 3094-4209,thiago.moreno@uol.com.br,2003-07-20,29,20434.0,10
716,  Laura Moreno  ,+55 920-947-999,,2000-05-04,32,24476.0,5
518,Tanner Gutierrez,+55 74 8708-9122,tanner.gutierrez@gmail.com,2007-04-26,29,3648.0,7
373,Valentina Fernandez,+55 914-184-224,valentina.fernandez@outlook.pe,2021-12-11,59,23414.0,9
46,Aidan Salas,+52 67 2501-4475,aidan.salas@live.com,2000-12-15,21,12428.0,4
978,Camila Fernandez,+56 932-982-409,,2011-08-31,22,18286.0,10
158,Lucia Perez,+54 928-663-758,lucia.perez@terra.cl,2016-12-25,43,9200.0,0
803,Miguel Vasquez,+507 914-750-679,miguel.vasquez@yahoo.com,2016-01-24,26,20155.0,7
172,Jonah Mendoza,+51 79 8557-2198,jonah.mendoza@prodigy.net.mx,2013-01-14,60,3707.0,5
17,Priscilla Rojas,+57 42 1626-2776,priscilla.rojas@live.com,29/06/2019,40,11778.0,7
512,Omar Cardenas,+598 917-251-634,omar.cardenas@live.com,2012-12-08,19,8742.0,6
49,Miguel Rojas,+593 79 4522-8046,miguel.rojas@hotmail.com,2020-04-03,74,8987.0,7
192,Aidan Suarez,+507 21 8370-6483,aidan.suarez@live.com,2011-08-27,41,13306.0,9
906,Mateo Sanchez,+51 955-835-529,mateo.sanchez@uol.com.br,2020-04-19,43,22664.0,X
516,Trevor Paredes,+57 16 4403-4728,trevor.paredes@hotmail.com,2010-12-10,55,20547.0,8
735,Mariana Camacho,+502 97 1728-6755,mariana.camacho@outlook.com,2005-01-31,22,17047.0,2
741,Jonah Reyes,51932-334-853,jonah.reyes@yahoo.com,2021-06-22,39,8970.0,7
481,Ana Martinez,+51 955-401-837,ana.martinez@uol.com.br,2012-02-28,51,12063.0,10
284,Bruno Silva,+57 55 8143-4305,bruno.silva@terra.cl,2022-04-17,58,3968.0,9
775,Jocelyn Herrera,+55 70 9765-4538,jocelyn.herrera@gmail.com,2003-01-05,53,13802.0,10
707,Felipe Vasquez,+57 86 8189-1044,felipe.vasquez@hotmail.com,2008-05-18,54,7212.0,8
226,Nicolas Diaz,+502 99 5705-7996,nicolas.diaz@outlook.pe,2014-03-13,34,18716.0,0
27,Antonia Silva,+507 993-706-374,antonia.silva@fibertel.com.ar,2014-06-16,72,9544.0,2
843,Mariana Perez,+593 998-244-404,mariana.perez@terra.cl,2019-08-31,73,18831.0,5
438,CARL GUTIERREZ,+507 75 5747-3664,,2013-08-14,49,"12,500",2
253,Jonah Gonzalez,+591 927-882-146,jonah.gonzalez@prodigy.net.mx,2007-10-12,39,3571.0,2
365,Antonia Silva,+55 960-774-977,antonia.silva@hotmail.com,03/07/2004,64,14111.0,5
230,Tanner Rojas,+51 20 8270-9290,tanner.rojas@terra.cl,2001-02-12,69,17315.0,9
38,Sofia Morales,+502 948-495-779,sofia.morales@terra.cl,2006-10-28,49,2713.0,3
670,Emery Vasquez,+56 90 5699-2783,,2013-02-09,32,9080.0,7
375,Allen Ramirez,56132386-3043,allen.ramirez@yahoo.com,2022-09-14,37,13413.0,9
375,Allen Ramirez,56132386-3043,allen.ramirez@yahoo.com,2022-09-14,37,13413.0,9
470,Bert Aguilar,+54 23 6795-2295,bert.aguilar@yahoo.com,2009-12-23,64,3936.0,6
996,Camila Ramirez,+591 955-916-498,camila.ramirez@live.com,2001-01-27,47,8292.0,5
688,Gabriela Castro,+593 972-253-850,gabriela.castro@hotmail.com,08/04/2003,51,22841.0,3
917,Emery Castro,+591 975-878-357,emery.castro@yahoo.com,2025-12-06,59,1916.0,2
759,Bert Lopez,+58 905-861-471,,2028-07-26,70,15937.0,1
784,Jocelyn Silva,+56 946-968-784,jocelyn.silva@outlook.com,2022-05-28,43,2417.0,6
195,  Bert Ramirez  ,+54 994-390-553,bert.ramirez@uol.com.br,2005-09-02,26,18760.0,3
921,Omar Torres,+58 925-832-201,omar.torres@hotmail.com,2017-06-14,40,10544.0,5
931,Carl Gutierrez,+598 74 2312-9790,carl.gutierrez@outlook.com,2007-03-02,49,5432.0,9
504,Priscilla Herrera,+52 936-845-829,priscilla.herreraterra.cl,2020-08-30,55,15287.0,10
899,Hanae Camacho,+57 967-541-839,hanae.camacho@prodigy.net.mx,2022-08-09,71,17070.0,10
896,Rafael Castro,(+52 11 3515-5843),rafael.castro@yahoo.com,2013-02-16,45,13617.0,5
580,Sofia Gutierrez,+54 52 6089-8028,sofia.gutierrez@gmail.com,2005-06-19,56,5741.0,9
161,Thiago Moreno,+507 994-149-666,thiago.moreno@yahoo.com,2019-06-01,71,20673.0,8
681,Julian Martinez,+593 83 8263-7736,julian.martinez@yahoo.com,2006-06-11,21,13570.0,4
163,Tanner Moreno,(+502 99 2890-6771),tanner.moreno@fibertel.com.ar,2021-07-19,55,20198.0,7
706,Lucia Ramirez,+502 82 9850-4329,lucia.ramirez@terra.cl,2014-05-13,53,11594.0,5
757,Sofia Fernandez,+507 917-385-967,sofia.fernandez@gmail.com,2021-01-30,29,17985.0,3
153,Hanae Martinez,+591 24 5631-2867,hanae.martinez@hotmail.com,07/10/2004,49,8009.0,0
801,Pedro Mendoza,+56 920-223-700,pedro.mendoza@outlook.com,2003-02-08,0,2270.0,6
755,Hanae Gutierrez,+58 18 2582-9877,hanae.gutierrez@live.com,2006-06-28,35,4511.0,10
815,Omar Martinez,+598 85 3996-5320,omar.martinez@hotmail.com,2002-03-30,42,13288.0,9
112,Miguel Mendoza,+57 35 1972-6747,miguel.mendoza@prodigy.net.mx,2012-08-10,56,19154.0,3
227,  Jonah Paredes  ,+598 61 1745-6468,jonah.paredes@outlook.com,2029-09-13,53,22389.0,4
884,Jonah Rojas,+507 78 2315-9703,jonah.rojas@prodigy.net.mx,2006-08-01,47,9661.0,1
104,Sofia Gonzalez,+57 39 5139-3525,sofia.gonzalez@outlook.pe,2018-12-24,68,13853.0,2
422,Priscilla Vera,+591 28 4543-6978,priscilla.vera@gmail.com,2005-02-23,75,8609.0,1
420,Valentina Quispe,+593 910-247-742,valentina.quispe@live.com,2001-01-14,58,20484.0,2
809,Bert Diaz,+591 15 4353-5859,,2008-03-26,30,14849.0,3
587,  Wanda Quispe  ,+57 26 9201-6234,wanda.quispe@outlook.com,2014-06-27,42,71135.0,7
903,Allen Cardenas,+57 923-864-523,allen.cardenas@yahoo.com,2000-08-15,24,10220.0,3
673,Bruno Vera,+58 71 8950-7954,bruno.vera@yahoo.com,2006-05-25,57,8409.0,9
120,Bruno Reyes,+57 59 2083-6081,bruno.reyes@outlook.com,2019-08-16,NA,9319.0,1
54,Mateo Martinez,+58 62 5743-2887,mateo.martinez@prodigy.net.mx,2018-03-03,19,12142.0,3
152,  Diego Herrera  ,+58 41 9761-1796,diego.herrera@gmail.com,2002-02-24,0,5042.0,1
404,Hanae Paredes,+58 37 7427-4009,hanae.paredes@outlook.com,2003-06-18,70,24189.0,8
386,Priscilla Vargas,+55 96 4874-1852,priscilla.vargas@yahoo.com,2015-05-07,45,21065.0,1
208,Laura Vasquez,+591 938-106-407,laura.vasquez@gmail.com,2009-12-14,31,11818.0,1
659,Priscilla Aguilar,+56 996-860-927,priscilla.aguilar@gmail.com,2003-08-21,NA,24042.0,4
910,Owen Quispe,+56 974-158-554,owen.quispe@live.com,2014-12-14,66,21109.0,7
979,Jocelyn Paredes,+507 931-518-298,jocelyn.paredes@hotmail.com,2002-01-16,74,21888.0,5
9,Mariana Silva,+52 984-541-462,mariana.silva@uol.com.br,2018-12-31,44,16803.0,1
870,Mateo Vargas,+58 906-513-684,mateo.vargas@hotmail.com,2009-01-16,43,21420.0,3
37,Owen Quispe,+55 73 5377-1042,owen.quispe@uol.com.br,2012-09-08,64,11283.0,10
453,Aidan Huanca,+591 57 1296-8899,aidan.huanca@outlook.com,2002-05-04,42,13861.0,3
652,  Leandra Rojas  ,+507 37 4514-4579,leandra.rojas@fibertel.com.ar,2016-08-20,24,2699.0,5
254,Bert Huanca,+57 99 5648-7819,bert.huanca@gmail.com,2021-05-08,62,5658.0,4
304,Mateo Sanchez,+55 910-887-615,mateo.sanchez@live.com,2000-09-23,25,23178.0,8
911,Carl Salas,+598 43 2522-4328,carl.salas@yahoo.com,2020-02-07,39,21886.0,2
572,Trevor Carrasco,+58 988-788-376,trevor.carrasco@outlook.pe,2016-10-29,39,13519.0,9
624,Leandra Mendoza,+54 17 4589-8672,leandra.mendoza@gmail.com,2007-06-06,61,17670.0,2
765,Wanda Lopez,+502 96 3902-1010,wanda.lopez@live.com,2003-09-16,60,5931.0,3
993,Andres Vera,+56 996-502-938,andres.vera@outlook.pe,2003-05-08,65,2727.0,10
263,Leandra Suarez,+56 922-395-178,leandra.suarez@outlook.pe,2004-11-26,28,10542.0,2
611,Miguel Suarez,+593 10 2825-6531,miguel.suarez@gmail.com,2012-06-07,36,15583.0,4
298,Lucia Paredes,+57 93 8208-1871,lucia.paredes@outlook.pe,2008-06-22,27,3288.0,4
415,Sofia Camacho,+591 997-443-216,sofia.camacho@terra.cl,2007-11-20,47,15537.0,6
151,Leandra Sanchez,+54 67 9524-9587,leandra.sanchez@gmail.com,2015-02-26,45,24004.0,3
849,  Gabriela Vasquez  ,+57 969-292-754,gabriela.vasquez@hotmail.com,2020-04-08,75,4185.0,8
641,Jonah Vasquez,+593 939-649-941,jonah.vasquez@gmail.com,2019-02-03,36,2775.0,2
957,Leandra Sanchez,+598 931-690-378,leandra.sanchez@prodigy.net.mx,2018-11-23,74,17422.0,7
551,CAMILA CARDENAS,+56 76 7778-3641,camila.cardenas@hotmail.com,2008-09-23,33,21210.0,3
852,Andres Huanca,+56 83 2307-1170,andres.huanca@hotmail.com,2011-02-25,72,18953.0,3
489,Thiago Paredes,+591 985-512-526,thiago.paredesterra.cl,2002-10-04,22,7822.0,9
711,Mateo Martinez,+56 975-611-195,mateo.martinez@outlook.pe,2005-03-01,27,14535.0,1
148,Pedro Ramirez,+52 995-992-414,pedro.ramirez@hotmail.com,2018-11-11,68,12356.0,6
147,Valentina Paredes,+598 82 4111-6622,valentina.paredes@gmail.com,2009-12-22,61,19018.0,8
778,Hanae Moreno,+58 906-516-359,hanae.moreno@hotmail.com,2017-10-03,30,1594.0,11
359,Aidan Ramirez,+58 40 8827-1565,aidan.ramirez@uol.com.br,2016-03-18,58,-1000.0,1
854,Camila Perez,+51 89 6470-9921,camila.perez@prodigy.net.mx,2014-06-07,73,15596.0,2
951,Valentina Suarez,+51 18 6800-9337,valentina.suarez@live.com,2000-01-24,40,12848.0,9
660,,+54 910-658-932,bruno.ramirez@live.com,2006-08-20,56,23393.0,10
349,Jocelyn Huanca,+56 26 6359-8606,jocelyn.huanca@live.com,2026-06-02,47,3735.0,2
464,Sofia Camacho,+55 18 6935-8932,sofia.camacho@hotmail.com,2010-05-02,46,15224.0,4
326,Lucia Carrasco,+593 996-824-563,lucia.carrascoterra.cl,31/03/2012,33,23201.0,6
187,Alden Quispe,+507 84 1448-8896,alden.quispe@terra.cl,2030-07-10,34,3713.0,7
124,Alden Vargas,+58 969-454-751,alden.vargas@gmail.com,2000-06-06,39,1547.0,7
920,Andres Torres,+502 54 1169-1241,andres.torres@outlook.com,2014-08-09,32,16672.0,3
609,Rafael Silva,+57 72 7143-5024,rafael.silva@terra.cl,2017-07-26,48,24996.0,5
144,  Mariana Cardenas  ,+55 933-866-950,mariana.cardenas@fibertel.com.ar,2004-01-20,36,2399.0,7
752,  Wanda Torres  ,+507 21 7534-5405,wanda.torres@gmail.com,2021-01-21,20,18630.0,10
731,Priscilla Vasquez,+56 927-949-215,priscilla.vasquez@hotmail.com,2011-02-19,NA,23165.0,10
198,Gabriela Silva,58908-286-239,gabriela.silva@live.com,2012-12-27,25,22369.0,8
610,Ana Cardenas,+591 34 5353-1835,ana.cardenas@live.com,2019-03-09,58,17541.0,10
280,Cadman Torres,+598 909-776-869,cadman.torres@prodigy.net.mx,29/01/2022,68,16770.0,4
294,Miguel Vasquez,+57 947-274-680,miguel.vasquez@live.com,2005-04-06,18,18730.0,7
897,Wanda Gutierrez,+52 940-414-333,wanda.gutierrez@gmail.com,2000-09-18,67,7585.0,8
401,Diego Huanca,+51 960-236-212,diego.huanca@outlook.com,,40,13324.0,3
123,Aidan Mendoza,+591 60 2129-8620,aidan.mendoza@outlook.com,2012-08-30,67,11680.0,6
184,Mariana Reyes,+58 933-327-479,mariana.reyes@prodigy.net.mx,2003-08-04,56,N/A,7
203,Felipe Suarez,+57 50 8674-5510,felipe.suarez@prodigy.net.mx,2007-03-12,22,18904.0,3
439,Bruno Gonzalez,+57 43 3337-4223,bruno.gonzalez@fibertel.com.ar,2019-05-19,55,4144.0,5
247,Mateo Silva,+56 41 5826-8650,mateo.silva@yahoo.com,2003-05-25,58,16358.0,5
416,Mark Diaz,+598 22 9133-9924,mark.diaz@gmail.com,2004-06-21,58,16052.0,9
837,Aidan Huanca,+51 58 7607-2668,aidan.huanca@outlook.com,2015-12-18,59,8161.0,1
825,Laura Gonzalez,+56 64 3372-3933,laura.gonzalez@yahoo.com,2003-05-15,30,7497.0,1
975,Leandra Salas,+51 909-848-304,leandra.salas@fibertel.com.ar,2011-06-16,54,22551.0,6
828,Antonia Morales,+507 989-542-267,antonia.morales@gmail.com,2020-07-07,66,15791.0,4
955,Gabriela Sanchez,52925-797-976,gabriela.sanchez@live.com,2006-07-07,69,14272.0,7
130,Lucia Salas,+57 976-324-130,lucia.salas@live.com,2012-08-07,21,16956.0,9
638,Jonah Gutierrez,+54 54 2507-6787,jonah.gutierrez@prodigy.net.mx,2007-11-30,42,7702.0,9
403,Carl Torres,+57 982-132-718,carl.torres@hotmail.com,2007-10-14,50,6754.0,1
845,Trevor Huanca,+591 940-800-164,trevor.huanca@live.com,2014-01-22,29,5505.0,8
831,Owen Perez,+598 977-555-519,owen.perez@hotmail.com,2005-03-28,47,N/A,2
736,Lucia Camacho,+51 900-150-125,lucia.camacho@prodigy.net.mx,2013-07-04,69,5952.0,5
982,Miguel Huanca,(+502 43 3410-1725),miguel.huanca@yahoo.com,2010-06-18,23,13092.0,9
220,Lucia Salas,502779605-1630,lucia.salas@prodigy.net.mx,2004-11-26,46,16471.0,1
642,Emery Martinez,+51 50 4027-2524,emery.martinez@gmail.com,2006-03-01,51,21256.0,10
984,Alden Ramirez,+57 63 1510-6907,alden.ramirez@outlook.com,2016-11-24,63,21904.0,5
811,,+591 55 1768-3676,aidan.vargas@outlook.com,2007-04-07,70,19820.0,10
868,Owen Camacho,+598 23 7263-1607,owen.camacho@terra.cl,2005-11-23,24,4983.0,10
989,Rafael Huanca,+502 969-202-258,rafael.huanca@terra.cl,2017-05-11,72,22984.0,2
625,Nicolas Vargas,+591 85 5018-4706,nicolas.vargas@prodigy.net.mx,2000-12-30,45,17339.0,5
904,Daniela Carrasco,+55 13 5771-4248,daniela.carrasco@gmail.com,2009-05-11,29,15041.0,11
820,Daniela Gutierrez,+598 32 7508-7998,daniela.gutierrez@live.com,2009-05-20,,21086.0,6
387,Trevor Gutierrez,502873968-4091,trevor.gutierrez@hotmail.com,2006-09-02,32,5447.0,3
539,OWEN VARGAS,+56 83 3487-4372,owen.vargas@uol.com.br,2019-11-21,27,23527.0,5
807,Sofia Camacho,+507 25 3058-1610,sofia.camacho@terra.cl,2010-12-18,18,2906.0,5
510,Sofia Aguilar,+507 18 7833-5260,sofia.aguilar@fibertel.com.ar,2005-06-05,63,21389.0,9
268,  Rafael Moreno  ,+593 918-833-974,rafael.moreno@gmail.com,2019-03-08,41,14152.0,6
882,Gabriela Castro,+54 46 8754-8652,,2003-08-12,60,6731.0,10
442,Nicolas Castro,+56 983-209-441,nicolas.castro@gmail.com,2004-05-14,70,11021.0,10
497,Thiago Huanca,+598 930-477-470,thiago.huanca@outlook.com,2015-03-31,50,1552.0,10
113,Hanae Herrera,+52 941-948-353,hanae.herrera@yahoo.com,2017-08-13,49,6158.0,10
692,  Aidan Herrera  ,+51 55 7392-7241,aidan.herrera@live.com,2014-11-20,61,16463.0,10
233,Aidan Diaz,+58 976-706-744,aidan.diaz@uol.com.br,2019-12-31,57,13153.0,5
936,Laura Sanchez,+591 903-776-971,laura.sanchez@live.com,2000-11-11,47,6326.0,9
608,Emery Suarez,+591 44 5323-7944,emery.suarez@terra.cl,2008-06-12,67,21588.0,3
672,Hanae Martinez,+51 16 9523-4328,,2016-03-16,42,14536.0,10
374,Gabriela Mendoza,+502 971-937-649,gabriela.mendoza@uol.com.br,2021-11-30,22,"12,500",10
664,Laura Paredes,+591 94 6038-7678,laura.paredes@yahoo.com,2013-05-07,28,2178.0,4
909,Jocelyn Perez,+598 79 5666-4410,jocelyn.perez@uol.com.br,2008-09-07,66,9547.0,4
234,Julian Gutierrez,+52 978-364-472,julian.gutierrezoutlook.com,2017-08-02,29,24424.0,6
890,Pedro Sanchez,+51 953-673-984,pedro.sanchez@outlook.com,2004-10-03,-5,1728.0,3
846,Trevor Torres,+58 994-590-553,trevor.torres@live.com,2016-12-29,28,20914.0,7
677,Priscilla Ramirez,+57 48 4737-9519,priscilla.ramirez@outlook.pe,19/11/2009,38,"12,500",10
318,Felipe Herrera,+57 74 9669-2934,felipe.herrera@outlook.pe,2009-07-15,47,17010.0,1
649,Hanae Huanca,+593 928-664-621,hanae.huanca@outlook.com,28/06/2006,25,10271.0,6
411,Felipe Suarez,+56 904-658-259,felipe.suarez@outlook.pe,2021-01-29,27,22478.0,4
966,Hanae Suarez,+58 905-290-989,hanae.suarez@prodigy.net.mx,2005-12-25,38,9366.0,3
710,Mateo Lopez,+507 920-315-992,mateo.lopez@hotmail.com,2004-03-13,19,6389.0,10
359,Aidan Ramirez,+58 40 8827-1565,aidan.ramirez@uol.com.br,2016-03-18,58,-1000.0,1
259,Carl Martinez,+51 73 1550-7974,carl.martinezgmail.com,2017-09-08,48,24327.0,2
745,Leandra Herrera,+507 936-626-168,leandra.herrera@uol.com.br,2019-01-23,40,7144.0,5
628,Cadman Morales,+507 917-398-963,cadman.morales@gmail.com,2016-06-14,NA,23967.0,6
633,Diego Lopez,+56 964-306-316,diego.lopez@gmail.com,2006-08-18,39,23793.0,9
283,Thiago Diaz,+54 921-120-651,thiago.diaz@hotmail.com,2014-08-18,20,16603.0,7
377,Julian Diaz,+593 988-246-648,julian.diaz@live.com,2009-02-20,22,22129.0,11
385,Hanae Salas,+502 904-264-782,hanae.salas@uol.com.br,2008-12-04,48,23298.0,5
225,Ana Mendoza,+502 13 2525-5903,ana.mendoza@outlook.pe,2014-06-25,41,13917.0,2
778,Hanae Moreno,+58 906-516-359,hanae.moreno@hotmail.com,2017-10-03,30,1594.0,11
877,Camila Ramirez,+58 928-452-565,camila.ramirez@outlook.com,2000-10-12,18,11155.0,2
473,Laura Martinez,+55 954-218-280,laura.martinez@outlook.pe,2020-11-05,-5,23146.0,2
348,Laura Gonzalez,+502 36 9085-7738,laura.gonzalez@hotmail.com,09/06/2005,41,4007.0,2
506,Alden Salas,+57 915-199-505,alden.salas@fibertel.com.ar,2009-10-16,31,5125.0,10
640,JOCELYN MORALES,+52 945-117-780,jocelyn.morales@outlook.pe,2016-09-16,59,12599.0,7
6,Julian Huanca,+591 73 2743-5889,julian.huanca@live.com,2022-10-09,56,8017.0,3
798,Mateo Quispe,+55 902-683-786,mateo.quispe@terra.cl,2004-02-05,NA,13819.0,X
1000,Owen Vasquez,+591 926-842-548,,2018-12-28,53,8732.0,7
974,Nicolas Herrera,+507 981-265-449,nicolas.herrera@live.com,2017-11-02,63,16609.0,9
620,Priscilla Suarez,+593 66 3291-5947,priscilla.suarez@uol.com.br,2017-10-11,33,6163.0,1
953,Melyssa Quispe,+52 78 7542-5566,melyssa.quispe@gmail.com,2000-12-10,60,16075.0,9
865,Daniela Mendoza,56969-932-489,daniela.mendoza@yahoo.com,2001-11-06,65,18189.0,8
646,Hanae Cardenas,+593 94 5076-3170,hanae.cardenas@yahoo.com,2001-10-20,32,-1000.0,1
913,Carl Lopez,+54 998-242-202,carl.lopez@hotmail.com,2004-09-17,37,9291.0,1
557,  Trevor Diaz  ,+598 82 9893-3840,trevor.diaz@live.com,2014-01-25,65,3071.0,9
682,Hanae Camacho,+591 71 8768-7299,,2002-02-20,28,20027.0,10
578,Andres Castro,+507 994-868-494,andres.castro@outlook.pe,2018-10-27,19,173807.0,6
796,Mariana Aguilar,+56 23 9709-1908,,2012-03-07,43,23902.0,8
86,Allen Quispe,+593 19 9609-8319,allen.quispe@outlook.com,2016-03-24,22,19986.0,2
243,Rafael Mendoza,+502 957-478-927,rafael.mendoza@prodigy.net.mx,2007-11-13,34,24462.0,4
699,Hanae Gutierrez,+591 994-785-386,hanae.gutierrez@terra.cl,2015-03-25,64,20778.0,7
941,Hanae Perez,+51 959-718-894,hanae.perez@uol.com.br,2018-04-16,36,20679.0,2
160,Nicolas Camacho,+51 72 3301-7704,nicolas.camacho@hotmail.com,2004-10-18,34,21516.0,4
525,Trevor Quispe,+593 935-576-562,trevor.quispe@hotmail.com,2006-10-29,59,12327.0,99
36,Melyssa Torres,+51 20 4681-2858,melyssa.torres@fibertel.com.ar,2020-09-12,25,22724.0,3
541,Miguel Martinez,593998-386-962,miguel.martinez@gmail.com,2012-05-16,75,9746.0,9
171,Cadman Torres,+51 80 3316-3019,cadman.torres@terra.cl,2001-11-15,18,20266.0,10
655,Miguel Vargas,+57 900-275-483,miguel.vargas@hotmail.com,2001-07-29,52,7237.0,7
971,Melyssa Huanca,+52 33 9328-6846,melyssa.huanca@gmail.com,2018-02-06,74,10097.0,7
924,OWEN HERRERA,+57 955-851-823,owen.herrera@outlook.pe,2011-12-10,22,22892.0,1
914,Omar Ramirez,+502 23 3954-1121,omar.ramirez@terra.cl,2013-07-27,67,19284.0,8
829,Bruno Lopez,+593 60 3900-7515,bruno.lopez@hotmail.com,2020-05-27,24,9620.0,7
734,Omar Vera,+598 88 5079-7485,omar.vera@uol.com.br,2019-10-02,37,18104.0,7
96,Carl Vera,+58 967-839-381,carl.vera@fibertel.com.ar,2012-11-10,19,17956.0,7
564,Valentina Torres,+58 995-343-799,valentina.torres@prodigy.net.mx,2022-01-02,57,9693.0,6
241,Nicolas Carrasco,+56 980-859-779,,2003-07-03,61,22264.0,9
743,,+593 19 8385-8182,gabriela.vasquez@outlook.pe,2017-11-10,66,8259.0,4
864,Leandra Cardenas,+52 969-697-131,leandra.cardenas@terra.cl,2000-06-12,39,16732.0,8
575,Tanner Gutierrez,+502 16 8250-4029,tanner.gutierrez@live.com,2022-10-08,18,4106.0,3
691,Julian Gutierrez,+591 969-253-977,julian.gutierrez@prodigy.net.mx,2019-07-31,50,17793.0,3
461,Mark Diaz,+507 909-342-308,mark.diazfibertel.com.ar,2014-08-12,54,13668.0,7
554,Daniela Huanca,+51 24 6106-5774,daniela.huanca@prodigy.net.mx,2004-10-31,40,23881.0,3
858,Carl Cardenas,+57 44 9341-8443,carl.cardenas@yahoo.com,2012-02-04,73,161363.0,6
945,Jonah Huanca,+591 72 6265-3495,jonah.huanca@outlook.com,2021-01-31,26,N/A,10
207,Bruno Lopez,+591 65 6772-6163,bruno.lopez@yahoo.com,2014-07-25,72,13680.0,7
393,Hanae Fernandez,+593 35 9758-2903,hanae.fernandez@gmail.com,2000-01-23,59,143187.0,10
795,Bruno Huanca,+598 919-454-673,bruno.huanca@hotmail.com,2006-12-02,63,23290.0,3
871,Miguel Mendoza,(+502 30 2080-3727),miguel.mendoza@yahoo.com,09/12/2008,65,17610.0,3
398,Valentina Gonzalez,507914-329-204,valentina.gonzalez@hotmail.com,2012-08-22,40,3999.0,10
767,Leandra Morales,+58 986-736-321,,2013-08-21,67,1899.0,4
915,Aidan Mendoza,+507 94 5748-8099,aidan.mendoza@terra.cl,2012-05-01,21,18531.0,6
218,Owen Vargas,+56 903-880-726,owen.vargas@outlook.com,2011-12-21,56,20080.0,10
5,Bert Quispe,(+56 920-911-796),bert.quispe@gmail.com,2018-12-08,56,3581.0,7
769,Aidan Diaz,+58 70 5305-1722,aidan.diaz@fibertel.com.ar,2010-11-02,48,152925.0,5
643,Gabriela Reyes,+502 82 9946-5869,gabriela.reyes@hotmail.com,2013-05-06,0,14726.0,1
965,Julian Morales,52978835-8766,julian.morales@yahoo.com,2003-12-24,52,10195.0,4
613,Bert Martinez,(+507 949-971-729),bert.martinez@outlook.pe,2017-01-19,19,19236.0,5
739,Mariana Herrera,+54 997-423-727,mariana.herrera@outlook.pe,2003-01-08,42,2409.0,0
547,  Owen Huanca  ,+52 37 5019-4700,,2019-10-02,59,8576.0,3
726,Omar Torres,57915-562-464,omar.torres@fibertel.com.ar,2010-06-16,54,15929.0,9
986,Jonah Castro,+591 12 3482-3805,jonah.castro@prodigy.net.mx,2010-03-24,48,23759.0,10
684,  Daniela Diaz  ,+54 975-150-843,daniela.diazfibertel.com.ar,2007-07-26,73,20466.0,6
99,Hanae Silva,+591 53 1879-2600,hanae.silva@hotmail.com,2019-08-10,32,3990.0,6
805,Rafael Cardenas,+598 990-978-364,rafael.cardenas@outlook.com,2012-05-15,55,16274.0,5
728,  Thiago Camacho  ,+502 911-909-694,thiago.camacho@outlook.com,2018-12-30,25,13119.0,7
574,Julian Ramirez,+593 915-157-821,,2006-03-22,30,4159.0,3
407,Allen Silva,+502 964-628-846,allen.silvayahoo.com,2015-04-25,46,5799.0,6
503,Aidan Camacho,(+507 955-381-864),aidan.camacho@prodigy.net.mx,2008-04-30,35,17935.0,1
48,Nicolas Torres,+593 16 8847-7580,nicolas.torres@outlook.pe,2019-02-14,61,5037.0,8
33,Emery Vasquez,+54 959-805-411,,2018-01-20,35,17899.0,9
780,Felipe Huanca,+51 971-477-961,,2018-09-26,71,14386.0,8
840,Daniela Silva,+54 961-498-410,daniela.silva@gmail.com,2030-07-06,61,12171.0,6
201,ALLEN ROJAS,+593 901-271-913,,2012-05-20,55,5420.0,7
135,Daniela Paredes,+57 72 7204-6754,daniela.paredes@uol.com.br,2016-11-01,24,17211.0,10
28,Owen Vera,+591 19 4954-7658,owen.vera@gmail.com,2021-11-30,53,9374.0,8
947,Bert Gutierrez,+52 9 8349-7692,bert.gutierrez@terra.cl,2018-05-07,NA,18742.0,7
231,Valentina Herrera,+56 905-803-968,valentina.herrerafibertel.com.ar,2003-11-27,39,16798.0,1
490,Julian Cardenas,598202904-2483,,2008-03-09,64,4331.0,3
773,Diego Camacho,+57 959-574-125,diego.camacho@fibertel.com.ar,2005-08-27,18,16079.0,2
379,Nicolas Camacho,+54 86 2623-1785,nicolas.camacho@prodigy.net.mx,2007-08-29,150,14265.0,3
289,Thiago Paredes,+502 63 4571-3363,thiago.paredes@uol.com.br,2004-10-16,29,8515.0,5
419,Allen Diaz,+51 980-888-707,allen.diaz@hotmail.com,2006-11-12,19,21753.0,9
675,Melyssa Salas,+502 89 7893-7158,melyssa.salas@prodigy.net.mx,2013-04-18,71,19610.0,10
392,Andres Vasquez,+52 920-685-323,andres.vasquez@live.com,2000-05-25,74,18303.0,8
593,Trevor Silva,+51 33 4847-8339,trevor.silva@live.com,2000-02-01,59,2945.0,10
499,Emery Martinez,+502 86 8377-9225,emery.martinez@live.com,2016-09-21,150,17017.0,6
139,Mariana Cardenas,+507 950-974-831,mariana.cardenas@outlook.com,2001-07-22,50,20217.0,9
63,Mariana Herrera,+502 978-105-181,mariana.herrera@yahoo.com,2000-11-07,34,8566.0,3
472,Tanner Morales,+502 948-746-697,tanner.morales@uol.com.br,2010-07-12,58,12926.0,8
648,Julian Moreno,+52 936-244-390,julian.moreno@live.com,2012-07-12,29,15464.0,1
129,Antonia Perez,+507 970-590-162,antonia.perez@live.com,08/12/2003,35,14050.0,3
612,Antonia Huanca,+56 87 5419-8966,antonia.huanca@yahoo.com,2005-08-02,24,9567.0,7
521,Diego Huanca,+58 50 4267-4522,diego.huanca@terra.cl,2022-07-24,46,10477.0,2
839,Ana Carrasco,+55 904-486-245,ana.carrasco@uol.com.br,2005-08-27,25,12103.0,6
686,Rafael Castro,+58 38 9836-4981,rafael.castro@outlook.com,2005-02-26,72,18385.0,3
65,Priscilla Camacho,+55 984-743-206,priscilla.camacho@hotmail.com,2014-11-30,26,2952.0,6
813,Lucia Perez,+57 947-315-157,lucia.perez@gmail.com,2003-07-05,75,7170.0,4
15,Cadman Martinez,+51 905-466-315,cadman.martinez@yahoo.com,2011-03-12,60,137080.0,6
157,Mateo Paredes,+52 94 6542-9504,mateo.paredes@prodigy.net.mx,2026-09-26,45,23183.0,4
41,Julian Carrasco,+593 18 8237-6661,julian.carrasco@live.com,2013-06-02,58,N/A,0
493,Mateo Salas,+51 913-744-467,mateo.salas@prodigy.net.mx,2000-05-09,28,15308.0,8
380,Owen Morales,+502 95 7852-8500,owen.morales@terra.cl,2008-03-18,46,13099.0,8
188,Ana Reyes,+507 927-687-375,ana.reyes@yahoo.com,2008-03-13,65,23884.0,4
764,Felipe Ramirez,502976-204-339,,2004-06-21,23,4780.0,8
217,Trevor Aguilar,+54 76 3215-8046,trevor.aguilar@yahoo.com,2006-07-06,59,20008.0,3
922,Rafael Torres,+598 44 8021-2138,rafael.torres@yahoo.com,2021-03-26,38,12647.0,2
792,Diego Vasquez,+593 39 3430-3768,diego.vasquez@terra.cl,2006-10-06,58,24215.0,8
53,  Rafael Morales  ,+52 927-885-240,rafael.morales@gmail.com,2011-06-18,36,12251.0,0
879,Miguel Diaz,+56 983-370-645,miguel.diaz@terra.cl,2016-10-14,18,17810.0,7
338,Leandra Rojas,+57 33 9725-7196,,2016-10-14,38,21146.0,7
749,Carl Huanca,+502 68 8110-7216,carl.huanca@hotmail.com,2005-02-20,20,2476.0,9
720,Pedro Suarez,+598 956-360-958,pedro.suarez@outlook.com,2019-08-16,74,14398.0,7
725,Gabriela Silva,52989-868-729,gabriela.silva@hotmail.com,2022-08-18,74,68509.0,8
296,Rafael Fernandez,+56 15 6453-4847,,2021-02-14,40,21369.0,10
702,Bruno Paredes,+55 908-638-323,bruno.paredes@yahoo.com,03/10/2007,63,73553.0,2
252,Antonia Morales,+502 10 3822-1818,antonia.morales@outlook.com,2013-10-14,70,4688.0,8
727,Emery Vasquez,+56 94 2376-3585,emery.vasquez@uol.com.br,2022-12-01,75,17873.0,10
462,Laura Reyes,+598 977-316-927,laura.reyes@yahoo.com,2014-01-16,50,24954.0,9
456,Cadman Morales,+502 997-564-216,cadman.morales@outlook.com,2000-12-14,49,2606.0,5
271,Miguel Aguilar,+593 97 2959-7114,,2022-12-28,64,20350.0,1
816,Pedro Salas,+591 932-619-842,pedro.salas@uol.com.br,2006-08-12,33,17407.0,4
863,  Antonia Morales  ,+52 967-541-201,antonia.morales@gmail.com,2017-02-10,31,3146.0,8
270,Thiago Torres,+591 37 1439-1040,thiago.torres@outlook.pe,28/11/2006,34,11335.0,8
502,Mark Salas,+502 981-867-409,mark.salas@fibertel.com.ar,2018-12-14,43,2233.0,3
202,Aidan Morales,+593 968-910-209,aidan.morales@terra.cl,2005-08-23,49,9124.0,6
162,Alden Fernandez,+55 66 3185-3263,alden.fernandez@uol.com.br,2018-07-07,56,24438.0,9
556,Andres Quispe,+593 941-238-558,andres.quispe@fibertel.com.ar,2008-11-18,36,22023.0,7
730,Thiago Quispe,593969-659-228,thiago.quispe@outlook.com,2000-01-06,50,20304.0,4
402,DIEGO MORALES,+593 70 3591-1494,diego.morales@hotmail.com,2006-08-03,41,6129.0,2
703,Felipe Mendoza,+502 53 1396-9724,felipe.mendoza@outlook.com,2007-05-28,67,16955.0,7
477,Mark Paredes,+58 977-979-419,mark.paredes@prodigy.net.mx,2014-07-09,45,18288.0,1
822,Tanner Morales,+58 984-365-738,tanner.morales@uol.com.br,2001-03-19,59,23415.0,9
772,Carl Torres,+507 972-669-908,carl.torres@terra.cl,2020-03-27,38,20033.0,3
106,Laura Martinez,+56 27 6707-6110,laura.martinez@hotmail.com,2015-05-22,47,8278.0,9
566,Mateo Suarez,+55 79 7688-7140,mateo.suarez@prodigy.net.mx,2013-10-07,31,14372.0,3
390,Daniela Reyes,+56 88 6618-5939,daniela.reyes@hotmail.com,2021-04-09,66,8119.0,9
2,Cadman Suarez,+56 912-467-967,cadman.suarez@terra.cl,2015-06-06,56,10167.0,1
930,Emery Cardenas,(+57 97 8461-1961),emery.cardenas@yahoo.com,2011-10-08,59,19883.0,7
444,Gabriela Fernandez,+593 984-731-226,gabriela.fernandez@prodigy.net.mx,2019-05-24,27,22346.0,1
562,Tanner Camacho,52167411-7226,tanner.camacho@outlook.pe,2006-11-13,36,18067.0,2
932,Andres Cardenas,57991-812-705,andres.cardenas@live.com,2010-07-07,74,"12,500",4
81,Cadman Torres,+54 19 6674-8247,cadman.torres@gmail.com,2011-07-03,65,17198.0,4
206,Allen Moreno,+56 77 7313-4104,allen.moreno@hotmail.com,2008-08-30,51,23024.0,4
35,Omar Lopez,+58 9 9889-8569,omar.lopez@hotmail.com,2018-07-15,21,7646.0,9
943,Ana Paredes,+58 68 9117-8388,ana.paredesoutlook.pe,2008-05-26,41,15715.0,1
776,Melyssa Huanca,+57 87 5825-9792,melyssa.huanca@gmail.com,2005-09-19,58,8992.0,3
509,Tanner Gutierrez,+55 908-131-311,tanner.gutierrez@outlook.com,2020-09-07,47,9529.0,10
428,Lucia Aguilar,+52 924-841-931,lucia.aguilar@uol.com.br,2016-07-18,70,19114.0,1
455,Camila Carrasco,+507 55 5795-5001,camila.carrasco@outlook.com,2012-01-01,38,24364.0,9
770,Melyssa Lopez,+51 981-456-948,melyssa.lopez@terra.cl,2000-06-30,22,17662.0,4
367,Pedro Aguilar,+598 85 2059-6623,pedro.aguilar@outlook.com,2016-11-28,63,14005.0,9
92,  Daniela Aguilar  ,+56 33 1844-5398,daniela.aguilar@terra.cl,2016-12-01,61,21323.0,10
340,Trevor Castro,+58 954-486-685,trevor.castro@outlook.com,2007-01-19,71,13758.0,5
898,  Cadman Carrasco  ,+57 47 1748-8351,cadman.carrasco@outlook.pe,2018-09-08,45,9714.0,3
565,Priscilla Martinez,+57 952-827-654,priscilla.martinez@live.com,2010-03-07,43,5596.0,6
346,Allen Vargas,54990-780-586,allen.vargas@outlook.com,2007-02-14,56,20344.0,5
777,Diego Cardenas,+502 901-789-229,diego.cardenas@prodigy.net.mx,2000-08-01,26,2683.0,4
242,,+502 972-366-162,jocelyn.herrera@prodigy.net.mx,2021-03-23,55,7040.0,10
14,Omar Moreno,+54 15 2512-7939,omar.moreno@outlook.pe,30/05/2012,20,1616.0,6
316,Jonah Castro,+598 67 6553-4868,jonah.castro@live.com,2010-06-28,40,11304.0,5
601,  Laura Vasquez  ,+58 919-957-178,laura.vasquez@terra.cl,2008-12-06,48,17433.0,4
388,Aidan Moreno,+593 914-375-472,aidan.morenouol.com.br,2012-08-01,40,24817.0,7
274,Jonah Perez,+502 929-414-228,jonah.perez@yahoo.com,2009-05-31,26,4075.0,7
167,Gabriela Vera,+56 927-779-439,gabriela.vera@uol.com.br,2014-11-07,41,11119.0,4
841,Rafael Morales,+502 916-774-289,rafael.morales@gmail.com,2004-02-06,73,3727.0,8
21,Nicolas Vera,+55 65 9270-7991,nicolas.vera@prodigy.net.mx,2020-01-01,75,6715.0,8
647,Jonah Aguilar,+55 57 9501-5506,jonah.aguilar@terra.cl,2019-11-21,60,8104.0,3
819,TREVOR TORRES,54902-412-614,trevor.torres@live.com,2022-05-22,50,21135.0,10
485,Lucia Torres,+56 950-486-892,lucia.torres@fibertel.com.ar,2017-04-17,63,17047.0,6
54,Mateo Martinez,+58 62 5743-2887,mateo.martinez@prodigy.net.mx,2018-03-03,19,12142.0,3
505,Jocelyn Gonzalez,+56 80 6657-2361,jocelyn.gonzalez@prodigy.net.mx,2009-04-23,65,18853.0,6
832,Diego Herrera,+591 921-726-990,diego.herrera@uol.com.br,2015-11-16,54,166480.0,3
244,Melyssa Suarez,+502 15 5331-2900,melyssa.suarez@prodigy.net.mx,2002-05-10,28,16704.0,7
567,Daniela Huanca,+58 31 5478-3553,daniela.huanca@outlook.com,2018-01-10,54,7981.0,3
876,Priscilla Silva,+502 20 9306-3493,priscilla.silvayahoo.com,07/03/2006,59,8790.0,9
563,Leandra Martinez,+591 992-273-841,,2014-06-06,41,2759.0,X
263,Leandra Suarez,+56 922-395-178,leandra.suarez@outlook.pe,2004-11-26,28,10542.0,2
687,Jonah Castro,+502 963-341-514,jonah.castro@outlook.pe,2006-07-28,73,2006.0,6
958,Hanae Camacho,,hanae.camacho@outlook.pe,2017-12-31,21,12334.0,0
190,Julian Lopez,+51 57 2650-6331,julian.lopez@gmail.com,2016-03-21,57,10009.0,3
976,Valentina Suarez,+52 88 8287-3525,valentina.suarez@fibertel.com.ar,2009-01-11,43,5410.0,1
700,Hanae Reyes,+51 939-481-754,hanae.reyes@gmail.com,2010-04-19,55,22712.0,4
511,Mark Vargas,+598 23 3768-7004,mark.vargas@live.com,2018-07-09,60,12635.0,3
475,,+58 990-441-461,priscilla.paredes@gmail.com,2002-11-05,59,3112.0,9
857,Bruno Aguilar,+54 95 5433-8426,bruno.aguilar@hotmail.com,2005-03-16,51,20473.0,4
748,Melyssa Moreno,+52 22 3473-2846,melyssa.moreno@outlook.com,2022-06-05,19,14341.0,11
253,Jonah Gonzalez,+591 927-882-146,jonah.gonzalez@prodigy.net.mx,2007-10-12,39,3571.0,2
22,Cadman Perez,+502 927-165-524,cadman.perez@uol.com.br,2018-04-14,39,"12,500",8
460,Owen Fernandez,+57 922-250-992,owen.fernandez@outlook.pe,2002-03-23,32,"12,500",1
277,Diego Herrera,+591 19 6375-9088,diego.herrera@live.com,2005-03-10,42,10793.0,8
956,Melyssa Vargas,+55 960-794-107,melyssa.vargas@gmail.com,2021-05-09,48,10433.0,6
386,Priscilla Vargas,+55 96 4874-1852,priscilla.vargas@yahoo.com,2015-05-07,45,21065.0,1
806,Mariana Paredes,+598 77 9558-5417,mariana.paredes@outlook.com,2004-06-22,33,6667.0,2
344,Gabriela Torres,+598 904-242-257,gabriela.torres@terra.cl,2014-10-24,54,22138.0,10
770,Melyssa Lopez,+51 981-456-948,melyssa.lopez@terra.cl,2000-06-30,22,17662.0,4
131,Valentina Camacho,+57 940-925-855,valentina.camacho@yahoo.com,2016-02-04,55,2424.0,6
872,THIAGO ROJAS,+51 966-685-886,thiago.rojas@prodigy.net.mx,2004-01-14,25,9761.0,2
88,Hanae Quispe,+55 57 8348-7184,hanae.quispe@uol.com.br,2016-11-06,23,23871.0,9
331,Leandra Ramirez,+51 903-706-916,leandra.ramirez@hotmail.com,2014-12-30,71,9705.0,4
467,Thiago Reyes,+56 900-707-707,thiago.reyes@fibertel.com.ar,2016-08-04,61,22779.0,8
122,Jonah Perez,+51 901-350-147,,2021-02-28,41,14049.0,3
663,Omar Sanchez,+56 76 1081-5286,omar.sanchez@fibertel.com.ar,2011-08-08,72,22595.0,3
861,Camila Castro,+57 997-386-167,camila.castro@outlook.pe,2000-11-18,21,24676.0,8
